Unnamed: 0,Food Name,Food Group,Food Sub Group,Per Serving Household Measure,Nutrient Name,Nutrient Amount,Nutrient Unit
,"Century egg, whole",EGG AND EGG PRODUCTS,"Duck eggs (eg salted, century)",Whole (115g),,,
,Egg powder,EGG AND EGG PRODUCTS,"Others (eg turtle eggs, egg substitutes)",Gram (1g),,,
,"Egg white, dried",EGG AND EGG PRODUCTS,Hen eggs,Gram (1g),,,
,"Egg, duck, whole, raw",EGG AND EGG PRODUCTS,"Duck eggs (eg salted, century)",Whole (73g),,,
,"Egg, duck, whole, salted",EGG AND EGG PRODUCTS,"Duck eggs (eg salted, century)",Whole (67.3g),,,
,"Egg, duck, yolk, raw",EGG AND EGG PRODUCTS,"Duck eggs (eg salted, century)",Whole (31g),,,
,"Egg, duck, yolk, salted",EGG AND EGG PRODUCTS,"Duck eggs (eg salted, century)",Whole (17g),,,
,"Egg, goose, white, raw",EGG AND EGG PRODUCTS,"Others (eg turtle eggs, egg substitutes)",1 portion (94.34g),,,
,"Egg, goose, whole, raw",EGG AND EGG PRODUCTS,"Others (eg turtle eggs, egg substitutes)",Whole (165.5g),,,
,"Egg, goose, yolk, raw",EGG AND EGG PRODUCTS,"Others (eg turtle eggs, egg substitutes)",1 portion (49.66g),,,
,"Egg, hen, poached",EGG AND EGG PRODUCTS,Hen eggs,Whole (50g),,,
,"Egg, hen, scrambled with whole milk, butter and pepper",EGG AND EGG PRODUCTS,Hen eggs,Tablespoon (20.55g),,,
,"Egg, hen, white, hard boiled",EGG AND EGG PRODUCTS,Hen eggs,Whole (29g),,,
,"Egg, hen, white, raw",EGG AND EGG PRODUCTS,Hen eggs,Whole (32g),,,
,"Egg, hen, whole, hard boiled",EGG AND EGG PRODUCTS,Hen eggs,Whole (55g),,,
,"Egg, hen, whole, raw",EGG AND EGG PRODUCTS,Hen eggs,Whole (53g),,,
,"Egg, hen, yolk, hard boiled",EGG AND EGG PRODUCTS,Hen eggs,Whole (17g),,,
,"Egg, hen, yolk, raw",EGG AND EGG PRODUCTS,Hen eggs,Whole (12g),,,
,"Egg, quail, whole, raw",EGG AND EGG PRODUCTS,Quail eggs,Whole (12g),,,
,"Egg, turtle, white, raw",EGG AND EGG PRODUCTS,"Others (eg turtle eggs, egg substitutes)",Whole (15g),,,
,"Egg, turtle, whole, raw",EGG AND EGG PRODUCTS,"Others (eg turtle eggs, egg substitutes)",Whole (39g),,,
,"Egg, turtle, yolk, raw",EGG AND EGG PRODUCTS,"Others (eg turtle eggs, egg substitutes)",Whole (20g),,,
,Eggs benedict,EGG AND EGG PRODUCTS,Hen eggs,Plate-23cm (291g),,,
,Hong kong egglets,EGG AND EGG PRODUCTS,Hen eggs,Piece (141g),,,
,"Omelette, plain",EGG AND EGG PRODUCTS,Hen eggs,1 portion (24g),,,
,"Omelette, yolk free egg mix, pan fried in butter",EGG AND EGG PRODUCTS,"Others (eg turtle eggs, egg substitutes)",1 portion (120g),,,
,"Egg, duck, whole, raw",EGG AND EGG PRODUCTS,"Duck eggs (eg salted, century)",Whole (73g),ALA,0.04,g
,"Egg, hen, poached",EGG AND EGG PRODUCTS,Hen eggs,Whole (50g),ALA,0.04,g
,"Egg, hen, scrambled with whole milk, butter and pepper",EGG AND EGG PRODUCTS,Hen eggs,Tablespoon (20.55g),ALA,0.01,g
,"Egg, hen, whole, hard boiled",EGG AND EGG PRODUCTS,Hen eggs,Whole (55g),ALA,0.04,g
,"Egg, hen, whole, raw",EGG AND EGG PRODUCTS,Hen eggs,Whole (53g),ALA,0.04,g
,"Egg, hen, yolk, raw",EGG AND EGG PRODUCTS,Hen eggs,Whole (12g),ALA,0.01,g
,"Egg, quail, whole, raw",EGG AND EGG PRODUCTS,Quail eggs,Whole (12g),ALA,0.05,g
,"Omelette, yolk free egg mix, pan fried in butter",EGG AND EGG PRODUCTS,"Others (eg turtle eggs, egg substitutes)",1 portion (120g),ALA,0.07,g
,"Century egg, whole",EGG AND EGG PRODUCTS,"Duck eggs (eg salted, century)",Whole (115g),B-Carotene,284.05,mcg
,Egg powder,EGG AND EGG PRODUCTS,"Others (eg turtle eggs, egg substitutes)",Gram (1g),B-Carotene,0.0,mcg
,"Egg white, dried",EGG AND EGG PRODUCTS,Hen eggs,Gram (1g),B-Carotene,0.0,mcg
,"Egg, duck, whole, raw",EGG AND EGG PRODUCTS,"Duck eggs (eg salted, century)",Whole (73g),B-Carotene,0.0,mcg
,"Egg, duck, whole, salted",EGG AND EGG PRODUCTS,"Duck eggs (eg salted, century)",Whole (67.3g),B-Carotene,0.0,mcg
,"Egg, duck, yolk, salted",EGG AND EGG PRODUCTS,"Duck eggs (eg salted, century)",Whole (17g),B-Carotene,78.71,mcg
,"Egg, goose, whole, raw",EGG AND EGG PRODUCTS,"Others (eg turtle eggs, egg substitutes)",Whole (165.5g),B-Carotene,0.0,mcg
,"Egg, goose, yolk, raw",EGG AND EGG PRODUCTS,"Others (eg turtle eggs, egg substitutes)",1 portion (49.66g),B-Carotene,0.0,mcg
,"Egg, hen, poached",EGG AND EGG PRODUCTS,Hen eggs,Whole (50g),B-Carotene,0.0,mcg
,"Egg, hen, scrambled with whole milk, butter and pepper",EGG AND EGG PRODUCTS,Hen eggs,Tablespoon (20.55g),B-Carotene,8.84,mcg
,"Egg, hen, white, hard boiled",EGG AND EGG PRODUCTS,Hen eggs,Whole (29g),B-Carotene,0.0,mcg
,"Egg, hen, white, raw",EGG AND EGG PRODUCTS,Hen eggs,Whole (32g),B-Carotene,0.0,mcg
,"Egg, hen, whole, hard boiled",EGG AND EGG PRODUCTS,Hen eggs,Whole (55g),B-Carotene,0.0,mcg
,"Egg, hen, whole, raw",EGG AND EGG PRODUCTS,Hen eggs,Whole (53g),B-Carotene,0.0,mcg
,"Egg, hen, yolk, hard boiled",EGG AND EGG PRODUCTS,Hen eggs,Whole (17g),B-Carotene,0.0,mcg
,"Egg, hen, yolk, raw",EGG AND EGG PRODUCTS,Hen eggs,Whole (12g),B-Carotene,0.0,mcg
,"Egg, quail, whole, raw",EGG AND EGG PRODUCTS,Quail eggs,Whole (12g),B-Carotene,1.32,mcg
,"Egg, turtle, white, raw",EGG AND EGG PRODUCTS,"Others (eg turtle eggs, egg substitutes)",Whole (15g),B-Carotene,0.0,mcg
,"Egg, turtle, whole, raw",EGG AND EGG PRODUCTS,"Others (eg turtle eggs, egg substitutes)",Whole (39g),B-Carotene,1.17,mcg
,"Egg, turtle, yolk, raw",EGG AND EGG PRODUCTS,"Others (eg turtle eggs, egg substitutes)",Whole (20g),B-Carotene,0.0,mcg
,Eggs benedict,EGG AND EGG PRODUCTS,Hen eggs,Plate-23cm (291g),B-Carotene,576.18,mcg
,Hong kong egglets,EGG AND EGG PRODUCTS,Hen eggs,Piece (141g),B-Carotene,0.0,mcg
,"Omelette, plain",EGG AND EGG PRODUCTS,Hen eggs,1 portion (24g),B-Carotene,5.28,mcg
,"Omelette, yolk free egg mix, pan fried in butter",EGG AND EGG PRODUCTS,"Others (eg turtle eggs, egg substitutes)",1 portion (120g),B-Carotene,1800.0,mcg
,"Century egg, whole",EGG AND EGG PRODUCTS,"Duck eggs (eg salted, century)",Whole (115g),Calcium,78.2,mg
,Egg powder,EGG AND EGG PRODUCTS,"Others (eg turtle eggs, egg substitutes)",Gram (1g),Calcium,3.26,mg
,"Egg white, dried",EGG AND EGG PRODUCTS,Hen eggs,Gram (1g),Calcium,0.62,mg
,"Egg, duck, whole, raw",EGG AND EGG PRODUCTS,"Duck eggs (eg salted, century)",Whole (73g),Calcium,45.26,mg
,"Egg, duck, whole, salted",EGG AND EGG PRODUCTS,"Duck eggs (eg salted, century)",Whole (67.3g),Calcium,79.41,mg
,"Egg, duck, yolk, raw",EGG AND EGG PRODUCTS,"Duck eggs (eg salted, century)",Whole (31g),Calcium,38.13,mg
,"Egg, duck, yolk, salted",EGG AND EGG PRODUCTS,"Duck eggs (eg salted, century)",Whole (17g),Calcium,31.45,mg
,"Egg, goose, white, raw",EGG AND EGG PRODUCTS,"Others (eg turtle eggs, egg substitutes)",1 portion (94.34g),Calcium,3.77,mg
,"Egg, goose, whole, raw",EGG AND EGG PRODUCTS,"Others (eg turtle eggs, egg substitutes)",Whole (165.5g),Calcium,56.27,mg
,"Egg, goose, yolk, raw",EGG AND EGG PRODUCTS,"Others (eg turtle eggs, egg substitutes)",1 portion (49.66g),Calcium,6.46,mg
,"Egg, hen, poached",EGG AND EGG PRODUCTS,Hen eggs,Whole (50g),Calcium,26.5,mg
,"Egg, hen, scrambled with whole milk, butter and pepper",EGG AND EGG PRODUCTS,Hen eggs,Tablespoon (20.55g),Calcium,15.21,mg
,"Egg, hen, white, hard boiled",EGG AND EGG PRODUCTS,Hen eggs,Whole (29g),Calcium,1.74,mg
,"Egg, hen, white, raw",EGG AND EGG PRODUCTS,Hen eggs,Whole (32g),Calcium,1.6,mg
,"Egg, hen, whole, hard boiled",EGG AND EGG PRODUCTS,Hen eggs,Whole (55g),Calcium,23.65,mg
,"Egg, hen, whole, raw",EGG AND EGG PRODUCTS,Hen eggs,Whole (53g),Calcium,30.21,mg
,"Egg, hen, yolk, hard boiled",EGG AND EGG PRODUCTS,Hen eggs,Whole (17g),Calcium,19.55,mg
,"Egg, hen, yolk, raw",EGG AND EGG PRODUCTS,Hen eggs,Whole (12g),Calcium,17.64,mg
,"Egg, quail, whole, raw",EGG AND EGG PRODUCTS,Quail eggs,Whole (12g),Calcium,7.68,mg
,"Egg, turtle, white, raw",EGG AND EGG PRODUCTS,"Others (eg turtle eggs, egg substitutes)",Whole (15g),Calcium,2.1,mg
,"Egg, turtle, whole, raw",EGG AND EGG PRODUCTS,"Others (eg turtle eggs, egg substitutes)",Whole (39g),Calcium,17.94,mg
,"Egg, turtle, yolk, raw",EGG AND EGG PRODUCTS,"Others (eg turtle eggs, egg substitutes)",Whole (20g),Calcium,31.0,mg
,Eggs benedict,EGG AND EGG PRODUCTS,Hen eggs,Plate-23cm (291g),Calcium,248.51,mg
,Hong kong egglets,EGG AND EGG PRODUCTS,Hen eggs,Piece (141g),Calcium,133.81,mg
,"Omelette, plain",EGG AND EGG PRODUCTS,Hen eggs,1 portion (24g),Calcium,11.52,mg
,"Omelette, yolk free egg mix, pan fried in butter",EGG AND EGG PRODUCTS,"Others (eg turtle eggs, egg substitutes)",1 portion (120g),Calcium,115.2,mg
,"Century egg, whole",EGG AND EGG PRODUCTS,"Duck eggs (eg salted, century)",Whole (115g),Carbohydrate,7.48,g
,Egg powder,EGG AND EGG PRODUCTS,"Others (eg turtle eggs, egg substitutes)",Gram (1g),Carbohydrate,0.22,g
,"Egg white, dried",EGG AND EGG PRODUCTS,Hen eggs,Gram (1g),Carbohydrate,0.08,g
,"Egg, duck, whole, raw",EGG AND EGG PRODUCTS,"Duck eggs (eg salted, century)",Whole (73g),Carbohydrate,2.26,g
,"Egg, duck, whole, salted",EGG AND EGG PRODUCTS,"Duck eggs (eg salted, century)",Whole (67.3g),Carbohydrate,4.24,g
,"Egg, duck, yolk, raw",EGG AND EGG PRODUCTS,"Duck eggs (eg salted, century)",Whole (31g),Carbohydrate,1.24,g
,"Egg, duck, yolk, salted",EGG AND EGG PRODUCTS,"Duck eggs (eg salted, century)",Whole (17g),Carbohydrate,0.0,g
,"Egg, goose, white, raw",EGG AND EGG PRODUCTS,"Others (eg turtle eggs, egg substitutes)",1 portion (94.34g),Carbohydrate,3.02,g
,"Egg, goose, whole, raw",EGG AND EGG PRODUCTS,"Others (eg turtle eggs, egg substitutes)",Whole (165.5g),Carbohydrate,4.63,g
,"Egg, goose, yolk, raw",EGG AND EGG PRODUCTS,"Others (eg turtle eggs, egg substitutes)",1 portion (49.66g),Carbohydrate,3.08,g
,"Egg, hen, poached",EGG AND EGG PRODUCTS,Hen eggs,Whole (50g),Carbohydrate,0.15,g
,"Egg, hen, scrambled with whole milk, butter and pepper",EGG AND EGG PRODUCTS,Hen eggs,Tablespoon (20.55g),Carbohydrate,0.08,g
,"Egg, hen, white, hard boiled",EGG AND EGG PRODUCTS,Hen eggs,Whole (29g),Carbohydrate,0.12,g
,"Egg, hen, white, raw",EGG AND EGG PRODUCTS,Hen eggs,Whole (32g),Carbohydrate,0.13,g
,"Egg, hen, whole, hard boiled",EGG AND EGG PRODUCTS,Hen eggs,Whole (55g),Carbohydrate,0.17,g
,"Egg, hen, whole, raw",EGG AND EGG PRODUCTS,Hen eggs,Whole (53g),Carbohydrate,0.48,g
,"Egg, hen, yolk, hard boiled",EGG AND EGG PRODUCTS,Hen eggs,Whole (17g),Carbohydrate,0.03,g
,"Egg, hen, yolk, raw",EGG AND EGG PRODUCTS,Hen eggs,Whole (12g),Carbohydrate,0.14,g
,"Egg, quail, whole, raw",EGG AND EGG PRODUCTS,Quail eggs,Whole (12g),Carbohydrate,0.05,g
,"Egg, turtle, white, raw",EGG AND EGG PRODUCTS,"Others (eg turtle eggs, egg substitutes)",Whole (15g),Carbohydrate,0.0,g
,"Egg, turtle, whole, raw",EGG AND EGG PRODUCTS,"Others (eg turtle eggs, egg substitutes)",Whole (39g),Carbohydrate,0.12,g
,"Egg, turtle, yolk, raw",EGG AND EGG PRODUCTS,"Others (eg turtle eggs, egg substitutes)",Whole (20g),Carbohydrate,0.32,g
,Eggs benedict,EGG AND EGG PRODUCTS,Hen eggs,Plate-23cm (291g),Carbohydrate,24.44,g
,Hong kong egglets,EGG AND EGG PRODUCTS,Hen eggs,Piece (141g),Carbohydrate,71.06,g
,"Omelette, plain",EGG AND EGG PRODUCTS,Hen eggs,1 portion (24g),Carbohydrate,0.0,g
,"Omelette, yolk free egg mix, pan fried in butter",EGG AND EGG PRODUCTS,"Others (eg turtle eggs, egg substitutes)",1 portion (120g),Carbohydrate,4.68,g
,"Century egg, whole",EGG AND EGG PRODUCTS,"Duck eggs (eg salted, century)",Whole (115g),Cholesterol,373.75,mg
,Egg powder,EGG AND EGG PRODUCTS,"Others (eg turtle eggs, egg substitutes)",Gram (1g),Cholesterol,5.72,mg
,"Egg white, dried",EGG AND EGG PRODUCTS,Hen eggs,Gram (1g),Cholesterol,0.0,mg
,"Egg, duck, whole, raw",EGG AND EGG PRODUCTS,"Duck eggs (eg salted, century)",Whole (73g),Cholesterol,412.45,mg
,"Egg, duck, whole, salted",EGG AND EGG PRODUCTS,"Duck eggs (eg salted, century)",Whole (67.3g),Cholesterol,435.43,mg
,"Egg, duck, yolk, raw",EGG AND EGG PRODUCTS,"Duck eggs (eg salted, century)",Whole (31g),Cholesterol,488.56,mg
,"Egg, duck, yolk, salted",EGG AND EGG PRODUCTS,"Duck eggs (eg salted, century)",Whole (17g),Cholesterol,358.7,mg
,"Egg, goose, white, raw",EGG AND EGG PRODUCTS,"Others (eg turtle eggs, egg substitutes)",1 portion (94.34g),Cholesterol,0.0,mg
,"Egg, goose, whole, raw",EGG AND EGG PRODUCTS,"Others (eg turtle eggs, egg substitutes)",Whole (165.5g),Cholesterol,1165.12,mg
,"Egg, goose, yolk, raw",EGG AND EGG PRODUCTS,"Others (eg turtle eggs, egg substitutes)",1 portion (49.66g),Cholesterol,842.23,mg
,"Egg, hen, poached",EGG AND EGG PRODUCTS,Hen eggs,Whole (50g),Cholesterol,214.0,mg
,"Egg, hen, scrambled with whole milk, butter and pepper",EGG AND EGG PRODUCTS,Hen eggs,Tablespoon (20.55g),Cholesterol,64.53,mg
,"Egg, hen, white, hard boiled",EGG AND EGG PRODUCTS,Hen eggs,Whole (29g),Cholesterol,0.0,mg
,"Egg, hen, white, raw",EGG AND EGG PRODUCTS,Hen eggs,Whole (32g),Cholesterol,0.0,mg
,"Egg, hen, whole, hard boiled",EGG AND EGG PRODUCTS,Hen eggs,Whole (55g),Cholesterol,235.95,mg
,"Egg, hen, whole, raw",EGG AND EGG PRODUCTS,Hen eggs,Whole (53g),Cholesterol,204.05,mg
,"Egg, hen, yolk, hard boiled",EGG AND EGG PRODUCTS,Hen eggs,Whole (17g),Cholesterol,212.5,mg
,"Egg, hen, yolk, raw",EGG AND EGG PRODUCTS,Hen eggs,Whole (12g),Cholesterol,134.4,mg
,"Egg, quail, whole, raw",EGG AND EGG PRODUCTS,Quail eggs,Whole (12g),Cholesterol,101.28,mg
,"Egg, turtle, white, raw",EGG AND EGG PRODUCTS,"Others (eg turtle eggs, egg substitutes)",Whole (15g),Cholesterol,0.0,mg
,"Omelette, plain",EGG AND EGG PRODUCTS,Hen eggs,1 portion (24g),Cholesterol,97.68,mg
,"Omelette, yolk free egg mix, pan fried in butter",EGG AND EGG PRODUCTS,"Others (eg turtle eggs, egg substitutes)",1 portion (120g),Cholesterol,12.0,mg
,"Century egg, whole",EGG AND EGG PRODUCTS,"Duck eggs (eg salted, century)",Whole (115g),Dietary fibre,0.0,g
,Egg powder,EGG AND EGG PRODUCTS,"Others (eg turtle eggs, egg substitutes)",Gram (1g),Dietary fibre,0.0,g
,"Egg white, dried",EGG AND EGG PRODUCTS,Hen eggs,Gram (1g),Dietary fibre,0.0,g
,"Egg, duck, whole, raw",EGG AND EGG PRODUCTS,"Duck eggs (eg salted, century)",Whole (73g),Dietary fibre,0.0,g
,"Egg, duck, whole, salted",EGG AND EGG PRODUCTS,"Duck eggs (eg salted, century)",Whole (67.3g),Dietary fibre,0.0,g
,"Egg, duck, yolk, raw",EGG AND EGG PRODUCTS,"Duck eggs (eg salted, century)",Whole (31g),Dietary fibre,0.0,g
,"Egg, duck, yolk, salted",EGG AND EGG PRODUCTS,"Duck eggs (eg salted, century)",Whole (17g),Dietary fibre,0.0,g
,"Egg, goose, white, raw",EGG AND EGG PRODUCTS,"Others (eg turtle eggs, egg substitutes)",1 portion (94.34g),Dietary fibre,0.0,g
,"Egg, goose, whole, raw",EGG AND EGG PRODUCTS,"Others (eg turtle eggs, egg substitutes)",Whole (165.5g),Dietary fibre,0.0,g
,"Egg, goose, yolk, raw",EGG AND EGG PRODUCTS,"Others (eg turtle eggs, egg substitutes)",1 portion (49.66g),Dietary fibre,0.0,g
,"Egg, hen, poached",EGG AND EGG PRODUCTS,Hen eggs,Whole (50g),Dietary fibre,0.0,g
,"Egg, hen, scrambled with whole milk, butter and pepper",EGG AND EGG PRODUCTS,Hen eggs,Tablespoon (20.55g),Dietary fibre,0.0,g
,"Egg, hen, white, hard boiled",EGG AND EGG PRODUCTS,Hen eggs,Whole (29g),Dietary fibre,0.0,g
,"Egg, hen, white, raw",EGG AND EGG PRODUCTS,Hen eggs,Whole (32g),Dietary fibre,0.0,g
,"Egg, hen, whole, hard boiled",EGG AND EGG PRODUCTS,Hen eggs,Whole (55g),Dietary fibre,0.0,g
,"Egg, hen, whole, raw",EGG AND EGG PRODUCTS,Hen eggs,Whole (53g),Dietary fibre,0.0,g
,"Egg, hen, yolk, hard boiled",EGG AND EGG PRODUCTS,Hen eggs,Whole (17g),Dietary fibre,0.0,g
,"Egg, hen, yolk, raw",EGG AND EGG PRODUCTS,Hen eggs,Whole (12g),Dietary fibre,0.0,g
,"Egg, quail, whole, raw",EGG AND EGG PRODUCTS,Quail eggs,Whole (12g),Dietary fibre,0.0,g
,"Egg, turtle, white, raw",EGG AND EGG PRODUCTS,"Others (eg turtle eggs, egg substitutes)",Whole (15g),Dietary fibre,0.0,g
,"Egg, turtle, whole, raw",EGG AND EGG PRODUCTS,"Others (eg turtle eggs, egg substitutes)",Whole (39g),Dietary fibre,0.0,g
,"Egg, turtle, yolk, raw",EGG AND EGG PRODUCTS,"Others (eg turtle eggs, egg substitutes)",Whole (20g),Dietary fibre,0.0,g
,Eggs benedict,EGG AND EGG PRODUCTS,Hen eggs,Plate-23cm (291g),Dietary fibre,4.07,g
,Hong kong egglets,EGG AND EGG PRODUCTS,Hen eggs,Piece (141g),Dietary fibre,0.99,g
,"Omelette, plain",EGG AND EGG PRODUCTS,Hen eggs,1 portion (24g),Dietary fibre,0.0,g
,"Omelette, yolk free egg mix, pan fried in butter",EGG AND EGG PRODUCTS,"Others (eg turtle eggs, egg substitutes)",1 portion (120g),Dietary fibre,0.0,g
,"Century egg, whole",EGG AND EGG PRODUCTS,"Duck eggs (eg salted, century)",Whole (115g),Energy,189.75,kcal
,Egg powder,EGG AND EGG PRODUCTS,"Others (eg turtle eggs, egg substitutes)",Gram (1g),Energy,4.44,kcal
,"Egg white, dried",EGG AND EGG PRODUCTS,Hen eggs,Gram (1g),Energy,3.82,kcal
,"Egg, duck, whole, raw",EGG AND EGG PRODUCTS,"Duck eggs (eg salted, century)",Whole (73g),Energy,131.38,kcal
,"Egg, duck, whole, salted",EGG AND EGG PRODUCTS,"Duck eggs (eg salted, century)",Whole (67.3g),Energy,127.88,kcal
,"Egg, duck, yolk, raw",EGG AND EGG PRODUCTS,"Duck eggs (eg salted, century)",Whole (31g),Energy,117.21,kcal
,"Egg, duck, yolk, salted",EGG AND EGG PRODUCTS,"Duck eggs (eg salted, century)",Whole (17g),Energy,96.56,kcal
,"Egg, goose, white, raw",EGG AND EGG PRODUCTS,"Others (eg turtle eggs, egg substitutes)",1 portion (94.34g),Energy,45.32,kcal
,"Egg, goose, whole, raw",EGG AND EGG PRODUCTS,"Others (eg turtle eggs, egg substitutes)",Whole (165.5g),Energy,324.36,kcal
,"Egg, goose, yolk, raw",EGG AND EGG PRODUCTS,"Others (eg turtle eggs, egg substitutes)",1 portion (49.66g),Energy,160.94,kcal
,"Egg, hen, poached",EGG AND EGG PRODUCTS,Hen eggs,Whole (50g),Energy,74.93,kcal
,"Egg, hen, scrambled with whole milk, butter and pepper",EGG AND EGG PRODUCTS,Hen eggs,Tablespoon (20.55g),Energy,33.5,kcal
,"Egg, hen, white, hard boiled",EGG AND EGG PRODUCTS,Hen eggs,Whole (29g),Energy,14.14,kcal
,"Egg, hen, white, raw",EGG AND EGG PRODUCTS,Hen eggs,Whole (32g),Energy,13.23,kcal
,"Egg, hen, whole, hard boiled",EGG AND EGG PRODUCTS,Hen eggs,Whole (55g),Energy,83.08,kcal
,"Egg, hen, whole, raw",EGG AND EGG PRODUCTS,Hen eggs,Whole (53g),Energy,82.15,kcal
,"Egg, hen, yolk, hard boiled",EGG AND EGG PRODUCTS,Hen eggs,Whole (17g),Energy,58.91,kcal
,"Egg, hen, yolk, raw",EGG AND EGG PRODUCTS,Hen eggs,Whole (12g),Energy,41.16,kcal
,"Egg, quail, whole, raw",EGG AND EGG PRODUCTS,Quail eggs,Whole (12g),Energy,18.96,kcal
,"Egg, turtle, white, raw",EGG AND EGG PRODUCTS,"Others (eg turtle eggs, egg substitutes)",Whole (15g),Energy,0.6,kcal
,"Egg, turtle, whole, raw",EGG AND EGG PRODUCTS,"Others (eg turtle eggs, egg substitutes)",Whole (39g),Energy,47.97,kcal
,"Egg, turtle, yolk, raw",EGG AND EGG PRODUCTS,"Others (eg turtle eggs, egg substitutes)",Whole (20g),Energy,55.8,kcal
,Eggs benedict,EGG AND EGG PRODUCTS,Hen eggs,Plate-23cm (291g),Energy,669.3,kcal
,Hong kong egglets,EGG AND EGG PRODUCTS,Hen eggs,Piece (141g),Energy,445.56,kcal
,"Omelette, plain",EGG AND EGG PRODUCTS,Hen eggs,1 portion (24g),Energy,39.69,kcal
,"Omelette, yolk free egg mix, pan fried in butter",EGG AND EGG PRODUCTS,"Others (eg turtle eggs, egg substitutes)",1 portion (120g),Energy,205.35,kcal
,"Century egg, whole",EGG AND EGG PRODUCTS,"Duck eggs (eg salted, century)",Whole (115g),Iron,3.68,mg
,Egg powder,EGG AND EGG PRODUCTS,"Others (eg turtle eggs, egg substitutes)",Gram (1g),Iron,0.03,mg
,"Egg white, dried",EGG AND EGG PRODUCTS,Hen eggs,Gram (1g),Iron,0.0,mg
,"Egg, duck, whole, raw",EGG AND EGG PRODUCTS,"Duck eggs (eg salted, century)",Whole (73g),Iron,2.12,mg
,"Egg, duck, whole, salted",EGG AND EGG PRODUCTS,"Duck eggs (eg salted, century)",Whole (67.3g),Iron,2.42,mg
,"Egg, duck, yolk, raw",EGG AND EGG PRODUCTS,"Duck eggs (eg salted, century)",Whole (31g),Iron,1.52,mg
,"Egg, duck, yolk, salted",EGG AND EGG PRODUCTS,"Duck eggs (eg salted, century)",Whole (17g),Iron,1.48,mg
,"Egg, goose, white, raw",EGG AND EGG PRODUCTS,"Others (eg turtle eggs, egg substitutes)",1 portion (94.34g),Iron,2.64,mg
,"Egg, goose, whole, raw",EGG AND EGG PRODUCTS,"Others (eg turtle eggs, egg substitutes)",Whole (165.5g),Iron,6.79,mg
,"Egg, goose, yolk, raw",EGG AND EGG PRODUCTS,"Others (eg turtle eggs, egg substitutes)",1 portion (49.66g),Iron,1.39,mg
,"Egg, hen, poached",EGG AND EGG PRODUCTS,Hen eggs,Whole (50g),Iron,1.0,mg
,"Egg, hen, scrambled with whole milk, butter and pepper",EGG AND EGG PRODUCTS,Hen eggs,Tablespoon (20.55g),Iron,0.31,mg
,"Egg, hen, white, hard boiled",EGG AND EGG PRODUCTS,Hen eggs,Whole (29g),Iron,0.06,mg
,"Egg, hen, white, raw",EGG AND EGG PRODUCTS,Hen eggs,Whole (32g),Iron,0.03,mg
,"Egg, hen, whole, hard boiled",EGG AND EGG PRODUCTS,Hen eggs,Whole (55g),Iron,0.99,mg
,"Egg, hen, whole, raw",EGG AND EGG PRODUCTS,Hen eggs,Whole (53g),Iron,1.27,mg
,"Egg, hen, yolk, hard boiled",EGG AND EGG PRODUCTS,Hen eggs,Whole (17g),Iron,0.82,mg
,"Egg, hen, yolk, raw",EGG AND EGG PRODUCTS,Hen eggs,Whole (12g),Iron,0.95,mg
,"Egg, quail, whole, raw",EGG AND EGG PRODUCTS,Quail eggs,Whole (12g),Iron,0.44,mg
,"Egg, turtle, white, raw",EGG AND EGG PRODUCTS,"Others (eg turtle eggs, egg substitutes)",Whole (15g),Iron,0.05,mg
,"Egg, turtle, whole, raw",EGG AND EGG PRODUCTS,"Others (eg turtle eggs, egg substitutes)",Whole (39g),Iron,0.55,mg
,"Egg, turtle, yolk, raw",EGG AND EGG PRODUCTS,"Others (eg turtle eggs, egg substitutes)",Whole (20g),Iron,0.54,mg
,Eggs benedict,EGG AND EGG PRODUCTS,Hen eggs,Plate-23cm (291g),Iron,3.43,mg
,Hong kong egglets,EGG AND EGG PRODUCTS,Hen eggs,Piece (141g),Iron,1.4,mg
,"Omelette, plain",EGG AND EGG PRODUCTS,Hen eggs,1 portion (24g),Iron,0.34,mg
,"Omelette, yolk free egg mix, pan fried in butter",EGG AND EGG PRODUCTS,"Others (eg turtle eggs, egg substitutes)",1 portion (120g),Iron,0.24,mg
,Egg powder,EGG AND EGG PRODUCTS,"Others (eg turtle eggs, egg substitutes)",Gram (1g),Monounsaturated fat,0.05,g
,"Egg white, dried",EGG AND EGG PRODUCTS,Hen eggs,Gram (1g),Monounsaturated fat,0.0,g
,"Egg, duck, whole, raw",EGG AND EGG PRODUCTS,"Duck eggs (eg salted, century)",Whole (73g),Monounsaturated fat,4.89,g
,"Egg, duck, whole, salted",EGG AND EGG PRODUCTS,"Duck eggs (eg salted, century)",Whole (67.3g),Monounsaturated fat,4.44,g
,"Egg, duck, yolk, raw",EGG AND EGG PRODUCTS,"Duck eggs (eg salted, century)",Whole (31g),Monounsaturated fat,5.95,g
,"Egg, duck, yolk, salted",EGG AND EGG PRODUCTS,"Duck eggs (eg salted, century)",Whole (17g),Monounsaturated fat,4.66,g
,"Egg, goose, white, raw",EGG AND EGG PRODUCTS,"Others (eg turtle eggs, egg substitutes)",1 portion (94.34g),Monounsaturated fat,0.0,g
,"Egg, goose, whole, raw",EGG AND EGG PRODUCTS,"Others (eg turtle eggs, egg substitutes)",Whole (165.5g),Monounsaturated fat,14.4,g
,"Egg, goose, yolk, raw",EGG AND EGG PRODUCTS,"Others (eg turtle eggs, egg substitutes)",1 portion (49.66g),Monounsaturated fat,7.55,g
,"Egg, hen, poached",EGG AND EGG PRODUCTS,Hen eggs,Whole (50g),Monounsaturated fat,2.4,g
,"Egg, hen, scrambled with whole milk, butter and pepper",EGG AND EGG PRODUCTS,Hen eggs,Tablespoon (20.55g),Monounsaturated fat,1.03,g
,"Egg, hen, white, hard boiled",EGG AND EGG PRODUCTS,Hen eggs,Whole (29g),Monounsaturated fat,0.0,g
,"Egg, hen, white, raw",EGG AND EGG PRODUCTS,Hen eggs,Whole (32g),Monounsaturated fat,0.0,g
,"Egg, hen, whole, hard boiled",EGG AND EGG PRODUCTS,Hen eggs,Whole (55g),Monounsaturated fat,2.53,g
,"Egg, hen, whole, raw",EGG AND EGG PRODUCTS,Hen eggs,Whole (53g),Monounsaturated fat,2.54,g
,"Egg, hen, yolk, hard boiled",EGG AND EGG PRODUCTS,Hen eggs,Whole (17g),Monounsaturated fat,2.28,g
,"Egg, hen, yolk, raw",EGG AND EGG PRODUCTS,Hen eggs,Whole (12g),Monounsaturated fat,1.61,g
,"Egg, quail, whole, raw",EGG AND EGG PRODUCTS,Quail eggs,Whole (12g),Monounsaturated fat,0.52,g
,"Egg, turtle, white, raw",EGG AND EGG PRODUCTS,"Others (eg turtle eggs, egg substitutes)",Whole (15g),Monounsaturated fat,0.0,g
,Eggs benedict,EGG AND EGG PRODUCTS,Hen eggs,Plate-23cm (291g),Monounsaturated fat,19.41,g
,Hong kong egglets,EGG AND EGG PRODUCTS,Hen eggs,Piece (141g),Monounsaturated fat,4.4,g
,"Omelette, plain",EGG AND EGG PRODUCTS,Hen eggs,1 portion (24g),Monounsaturated fat,1.22,g
,"Omelette, yolk free egg mix, pan fried in butter",EGG AND EGG PRODUCTS,"Others (eg turtle eggs, egg substitutes)",1 portion (120g),Monounsaturated fat,3.84,g
,"Century egg, whole",EGG AND EGG PRODUCTS,"Duck eggs (eg salted, century)",Whole (115g),Nitrogen,2.56,g
,Egg powder,EGG AND EGG PRODUCTS,"Others (eg turtle eggs, egg substitutes)",Gram (1g),Nitrogen,0.09,g
,"Egg white, dried",EGG AND EGG PRODUCTS,Hen eggs,Gram (1g),Nitrogen,0.13,g
,"Egg, duck, whole, raw",EGG AND EGG PRODUCTS,"Duck eggs (eg salted, century)",Whole (73g),Nitrogen,1.47,g
,"Egg, duck, whole, salted",EGG AND EGG PRODUCTS,"Duck eggs (eg salted, century)",Whole (67.3g),Nitrogen,1.37,g
,"Egg, duck, yolk, raw",EGG AND EGG PRODUCTS,"Duck eggs (eg salted, century)",Whole (31g),Nitrogen,0.72,g
,"Egg, duck, yolk, salted",EGG AND EGG PRODUCTS,"Duck eggs (eg salted, century)",Whole (17g),Nitrogen,0.62,g
,"Egg, goose, white, raw",EGG AND EGG PRODUCTS,"Others (eg turtle eggs, egg substitutes)",1 portion (94.34g),Nitrogen,1.34,g
,"Egg, goose, whole, raw",EGG AND EGG PRODUCTS,"Others (eg turtle eggs, egg substitutes)",Whole (165.5g),Nitrogen,2.94,g
,"Egg, goose, yolk, raw",EGG AND EGG PRODUCTS,"Others (eg turtle eggs, egg substitutes)",1 portion (49.66g),Nitrogen,1.23,g
,"Egg, hen, poached",EGG AND EGG PRODUCTS,Hen eggs,Whole (50g),Nitrogen,0.98,g
,"Egg, hen, scrambled with whole milk, butter and pepper",EGG AND EGG PRODUCTS,Hen eggs,Tablespoon (20.55g),Nitrogen,0.34,g
,"Egg, hen, white, hard boiled",EGG AND EGG PRODUCTS,Hen eggs,Whole (29g),Nitrogen,0.54,g
,"Egg, hen, white, raw",EGG AND EGG PRODUCTS,Hen eggs,Whole (32g),Nitrogen,0.51,g
,"Egg, hen, whole, hard boiled",EGG AND EGG PRODUCTS,Hen eggs,Whole (55g),Nitrogen,1.16,g
,"Egg, hen, whole, raw",EGG AND EGG PRODUCTS,Hen eggs,Whole (53g),Nitrogen,1.09,g
,"Egg, hen, yolk, hard boiled",EGG AND EGG PRODUCTS,Hen eggs,Whole (17g),Nitrogen,0.44,g
,"Egg, hen, yolk, raw",EGG AND EGG PRODUCTS,Hen eggs,Whole (12g),Nitrogen,0.29,g
,"Egg, quail, whole, raw",EGG AND EGG PRODUCTS,Quail eggs,Whole (12g),Nitrogen,0.25,g
,"Egg, turtle, white, raw",EGG AND EGG PRODUCTS,"Others (eg turtle eggs, egg substitutes)",Whole (15g),Nitrogen,0.03,g
,"Egg, turtle, whole, raw",EGG AND EGG PRODUCTS,"Others (eg turtle eggs, egg substitutes)",Whole (39g),Nitrogen,0.75,g
,"Egg, turtle, yolk, raw",EGG AND EGG PRODUCTS,"Others (eg turtle eggs, egg substitutes)",Whole (20g),Nitrogen,0.84,g
,"Omelette, plain",EGG AND EGG PRODUCTS,Hen eggs,1 portion (24g),Nitrogen,0.47,g
,"Omelette, yolk free egg mix, pan fried in butter",EGG AND EGG PRODUCTS,"Others (eg turtle eggs, egg substitutes)",1 portion (120g),Nitrogen,2.04,g
,"Century egg, whole",EGG AND EGG PRODUCTS,"Duck eggs (eg salted, century)",Whole (115g),Phosphorus,250.7,mg
,Egg powder,EGG AND EGG PRODUCTS,"Others (eg turtle eggs, egg substitutes)",Gram (1g),Phosphorus,4.78,mg
,"Egg white, dried",EGG AND EGG PRODUCTS,Hen eggs,Gram (1g),Phosphorus,1.11,mg
,"Egg, duck, whole, raw",EGG AND EGG PRODUCTS,"Duck eggs (eg salted, century)",Whole (73g),Phosphorus,164.98,mg
,"Egg, duck, whole, salted",EGG AND EGG PRODUCTS,"Duck eggs (eg salted, century)",Whole (67.3g),Phosphorus,155.46,mg
,"Egg, duck, yolk, raw",EGG AND EGG PRODUCTS,"Duck eggs (eg salted, century)",Whole (31g),Phosphorus,17.05,mg
,"Egg, duck, yolk, salted",EGG AND EGG PRODUCTS,"Duck eggs (eg salted, century)",Whole (17g),Phosphorus,114.24,mg
,"Egg, goose, white, raw",EGG AND EGG PRODUCTS,"Others (eg turtle eggs, egg substitutes)",1 portion (94.34g),Phosphorus,10.38,mg
,"Egg, goose, whole, raw",EGG AND EGG PRODUCTS,"Others (eg turtle eggs, egg substitutes)",Whole (165.5g),Phosphorus,215.15,mg
,"Egg, goose, yolk, raw",EGG AND EGG PRODUCTS,"Others (eg turtle eggs, egg substitutes)",1 portion (49.66g),Phosphorus,25.33,mg
,"Egg, hen, poached",EGG AND EGG PRODUCTS,Hen eggs,Whole (50g),Phosphorus,100.0,mg
,"Egg, hen, scrambled with whole milk, butter and pepper",EGG AND EGG PRODUCTS,Hen eggs,Tablespoon (20.55g),Phosphorus,36.99,mg
,"Egg, hen, white, hard boiled",EGG AND EGG PRODUCTS,Hen eggs,Whole (29g),Phosphorus,9.57,mg
,"Egg, hen, white, raw",EGG AND EGG PRODUCTS,Hen eggs,Whole (32g),Phosphorus,3.52,mg
,"Egg, hen, whole, hard boiled",EGG AND EGG PRODUCTS,Hen eggs,Whole (55g),Phosphorus,110.0,mg
,"Egg, hen, whole, raw",EGG AND EGG PRODUCTS,Hen eggs,Whole (53g),Phosphorus,94.87,mg
,"Egg, hen, yolk, hard boiled",EGG AND EGG PRODUCTS,Hen eggs,Whole (17g),Phosphorus,68.34,mg
,"Egg, hen, yolk, raw",EGG AND EGG PRODUCTS,Hen eggs,Whole (12g),Phosphorus,70.32,mg
,"Egg, quail, whole, raw",EGG AND EGG PRODUCTS,Quail eggs,Whole (12g),Phosphorus,27.12,mg
,"Egg, turtle, white, raw",EGG AND EGG PRODUCTS,"Others (eg turtle eggs, egg substitutes)",Whole (15g),Phosphorus,4.2,mg
,"Egg, turtle, whole, raw",EGG AND EGG PRODUCTS,"Others (eg turtle eggs, egg substitutes)",Whole (39g),Phosphorus,75.27,mg
,"Egg, turtle, yolk, raw",EGG AND EGG PRODUCTS,"Others (eg turtle eggs, egg substitutes)",Whole (20g),Phosphorus,99.0,mg
,"Omelette, plain",EGG AND EGG PRODUCTS,Hen eggs,1 portion (24g),Phosphorus,40.56,mg
,"Omelette, yolk free egg mix, pan fried in butter",EGG AND EGG PRODUCTS,"Others (eg turtle eggs, egg substitutes)",1 portion (120g),Phosphorus,97.2,mg
,Egg powder,EGG AND EGG PRODUCTS,"Others (eg turtle eggs, egg substitutes)",Gram (1g),Polyunsaturated fat,0.02,g
,"Egg white, dried",EGG AND EGG PRODUCTS,Hen eggs,Gram (1g),Polyunsaturated fat,0.0,g
,"Egg, duck, whole, raw",EGG AND EGG PRODUCTS,"Duck eggs (eg salted, century)",Whole (73g),Polyunsaturated fat,0.95,g
,"Egg, duck, whole, salted",EGG AND EGG PRODUCTS,"Duck eggs (eg salted, century)",Whole (67.3g),Polyunsaturated fat,0.87,g
,"Egg, duck, yolk, raw",EGG AND EGG PRODUCTS,"Duck eggs (eg salted, century)",Whole (31g),Polyunsaturated fat,0.68,g
,"Egg, duck, yolk, salted",EGG AND EGG PRODUCTS,"Duck eggs (eg salted, century)",Whole (17g),Polyunsaturated fat,0.92,g
,"Egg, goose, white, raw",EGG AND EGG PRODUCTS,"Others (eg turtle eggs, egg substitutes)",1 portion (94.34g),Polyunsaturated fat,0.0,g
,"Egg, goose, whole, raw",EGG AND EGG PRODUCTS,"Others (eg turtle eggs, egg substitutes)",Whole (165.5g),Polyunsaturated fat,1.99,g
,"Egg, goose, yolk, raw",EGG AND EGG PRODUCTS,"Others (eg turtle eggs, egg substitutes)",1 portion (49.66g),Polyunsaturated fat,1.04,g
,"Egg, hen, poached",EGG AND EGG PRODUCTS,Hen eggs,Whole (50g),Polyunsaturated fat,0.6,g
,"Egg, hen, scrambled with whole milk, butter and pepper",EGG AND EGG PRODUCTS,Hen eggs,Tablespoon (20.55g),Polyunsaturated fat,0.21,g
,"Egg, hen, white, hard boiled",EGG AND EGG PRODUCTS,Hen eggs,Whole (29g),Polyunsaturated fat,0.0,g
,"Egg, hen, white, raw",EGG AND EGG PRODUCTS,Hen eggs,Whole (32g),Polyunsaturated fat,0.0,g
,"Egg, hen, whole, hard boiled",EGG AND EGG PRODUCTS,Hen eggs,Whole (55g),Polyunsaturated fat,0.61,g
,"Egg, hen, whole, raw",EGG AND EGG PRODUCTS,Hen eggs,Whole (53g),Polyunsaturated fat,0.64,g
,"Egg, hen, yolk, hard boiled",EGG AND EGG PRODUCTS,Hen eggs,Whole (17g),Polyunsaturated fat,0.56,g
,"Egg, hen, yolk, raw",EGG AND EGG PRODUCTS,Hen eggs,Whole (12g),Polyunsaturated fat,0.41,g
,"Egg, quail, whole, raw",EGG AND EGG PRODUCTS,Quail eggs,Whole (12g),Polyunsaturated fat,0.16,g
,"Egg, turtle, white, raw",EGG AND EGG PRODUCTS,"Others (eg turtle eggs, egg substitutes)",Whole (15g),Polyunsaturated fat,0.0,g
,Eggs benedict,EGG AND EGG PRODUCTS,Hen eggs,Plate-23cm (291g),Polyunsaturated fat,6.11,g
,Hong kong egglets,EGG AND EGG PRODUCTS,Hen eggs,Piece (141g),Polyunsaturated fat,1.44,g
,"Omelette, plain",EGG AND EGG PRODUCTS,Hen eggs,1 portion (24g),Polyunsaturated fat,0.31,g
,"Omelette, yolk free egg mix, pan fried in butter",EGG AND EGG PRODUCTS,"Others (eg turtle eggs, egg substitutes)",1 portion (120g),Polyunsaturated fat,4.92,g
,"Century egg, whole",EGG AND EGG PRODUCTS,"Duck eggs (eg salted, century)",Whole (115g),Potassium,116.15,mg
,Egg powder,EGG AND EGG PRODUCTS,"Others (eg turtle eggs, egg substitutes)",Gram (1g),Potassium,7.44,mg
,"Egg white, dried",EGG AND EGG PRODUCTS,Hen eggs,Gram (1g),Potassium,11.25,mg
,"Egg, duck, whole, raw",EGG AND EGG PRODUCTS,"Duck eggs (eg salted, century)",Whole (73g),Potassium,98.55,mg
,"Egg, duck, whole, salted",EGG AND EGG PRODUCTS,"Duck eggs (eg salted, century)",Whole (67.3g),Potassium,123.83,mg
,"Egg, duck, yolk, raw",EGG AND EGG PRODUCTS,"Duck eggs (eg salted, century)",Whole (31g),Potassium,26.66,mg
,"Egg, duck, yolk, salted",EGG AND EGG PRODUCTS,"Duck eggs (eg salted, century)",Whole (17g),Potassium,13.26,mg
,"Egg, goose, white, raw",EGG AND EGG PRODUCTS,"Others (eg turtle eggs, egg substitutes)",1 portion (94.34g),Potassium,33.96,mg
,"Egg, goose, whole, raw",EGG AND EGG PRODUCTS,"Others (eg turtle eggs, egg substitutes)",Whole (165.5g),Potassium,122.47,mg
,"Egg, goose, yolk, raw",EGG AND EGG PRODUCTS,"Others (eg turtle eggs, egg substitutes)",1 portion (49.66g),Potassium,42.71,mg
,"Egg, hen, poached",EGG AND EGG PRODUCTS,Hen eggs,Whole (50g),Potassium,38.5,mg
,"Egg, hen, scrambled with whole milk, butter and pepper",EGG AND EGG PRODUCTS,Hen eggs,Tablespoon (20.55g),Potassium,26.3,mg
,"Egg, hen, white, hard boiled",EGG AND EGG PRODUCTS,Hen eggs,Whole (29g),Potassium,32.48,mg
,"Egg, hen, white, raw",EGG AND EGG PRODUCTS,Hen eggs,Whole (32g),Potassium,49.6,mg
,"Egg, hen, whole, hard boiled",EGG AND EGG PRODUCTS,Hen eggs,Whole (55g),Potassium,58.85,mg
,"Egg, hen, whole, raw",EGG AND EGG PRODUCTS,Hen eggs,Whole (53g),Potassium,73.14,mg
,"Egg, hen, yolk, hard boiled",EGG AND EGG PRODUCTS,Hen eggs,Whole (17g),Potassium,16.49,mg
,"Egg, hen, yolk, raw",EGG AND EGG PRODUCTS,Hen eggs,Whole (12g),Potassium,13.2,mg
,"Egg, quail, whole, raw",EGG AND EGG PRODUCTS,Quail eggs,Whole (12g),Potassium,15.84,mg
,"Egg, turtle, white, raw",EGG AND EGG PRODUCTS,"Others (eg turtle eggs, egg substitutes)",Whole (15g),Potassium,18.6,mg
,"Egg, turtle, whole, raw",EGG AND EGG PRODUCTS,"Others (eg turtle eggs, egg substitutes)",Whole (39g),Potassium,58.5,mg
,"Egg, turtle, yolk, raw",EGG AND EGG PRODUCTS,"Others (eg turtle eggs, egg substitutes)",Whole (20g),Potassium,26.4,mg
,"Omelette, plain",EGG AND EGG PRODUCTS,Hen eggs,1 portion (24g),Potassium,26.16,mg
,"Omelette, yolk free egg mix, pan fried in butter",EGG AND EGG PRODUCTS,"Others (eg turtle eggs, egg substitutes)",1 portion (120g),Potassium,234.0,mg
,"Century egg, whole",EGG AND EGG PRODUCTS,"Duck eggs (eg salted, century)",Whole (115g),Protein,15.99,g
,Egg powder,EGG AND EGG PRODUCTS,"Others (eg turtle eggs, egg substitutes)",Gram (1g),Protein,0.56,g
,"Egg white, dried",EGG AND EGG PRODUCTS,Hen eggs,Gram (1g),Protein,0.81,g
,"Egg, duck, whole, raw",EGG AND EGG PRODUCTS,"Duck eggs (eg salted, century)",Whole (73g),Protein,9.2,g
,"Egg, duck, whole, salted",EGG AND EGG PRODUCTS,"Duck eggs (eg salted, century)",Whole (67.3g),Protein,8.55,g
,"Egg, duck, yolk, raw",EGG AND EGG PRODUCTS,"Duck eggs (eg salted, century)",Whole (31g),Protein,4.5,g
,"Egg, duck, yolk, salted",EGG AND EGG PRODUCTS,"Duck eggs (eg salted, century)",Whole (17g),Protein,3.88,g
,"Egg, goose, white, raw",EGG AND EGG PRODUCTS,"Others (eg turtle eggs, egg substitutes)",1 portion (94.34g),Protein,8.4,g
,"Egg, goose, whole, raw",EGG AND EGG PRODUCTS,"Others (eg turtle eggs, egg substitutes)",Whole (165.5g),Protein,18.37,g
,"Egg, goose, yolk, raw",EGG AND EGG PRODUCTS,"Others (eg turtle eggs, egg substitutes)",1 portion (49.66g),Protein,7.7,g
,"Egg, hen, poached",EGG AND EGG PRODUCTS,Hen eggs,Whole (50g),Protein,6.15,g
,"Egg, hen, scrambled with whole milk, butter and pepper",EGG AND EGG PRODUCTS,Hen eggs,Tablespoon (20.55g),Protein,2.14,g
,"Egg, hen, white, hard boiled",EGG AND EGG PRODUCTS,Hen eggs,Whole (29g),Protein,3.36,g
,"Egg, hen, white, raw",EGG AND EGG PRODUCTS,Hen eggs,Whole (32g),Protein,3.2,g
,"Egg, hen, whole, hard boiled",EGG AND EGG PRODUCTS,Hen eggs,Whole (55g),Protein,7.26,g
,"Egg, hen, whole, raw",EGG AND EGG PRODUCTS,Hen eggs,Whole (53g),Protein,6.84,g
,"Egg, hen, yolk, hard boiled",EGG AND EGG PRODUCTS,Hen eggs,Whole (17g),Protein,2.74,g
,"Egg, hen, yolk, raw",EGG AND EGG PRODUCTS,Hen eggs,Whole (12g),Protein,1.8,g
,"Egg, quail, whole, raw",EGG AND EGG PRODUCTS,Quail eggs,Whole (12g),Protein,1.57,g
,"Egg, turtle, white, raw",EGG AND EGG PRODUCTS,"Others (eg turtle eggs, egg substitutes)",Whole (15g),Protein,0.17,g
,"Egg, turtle, whole, raw",EGG AND EGG PRODUCTS,"Others (eg turtle eggs, egg substitutes)",Whole (39g),Protein,4.68,g
,"Egg, turtle, yolk, raw",EGG AND EGG PRODUCTS,"Others (eg turtle eggs, egg substitutes)",Whole (20g),Protein,5.24,g
,Eggs benedict,EGG AND EGG PRODUCTS,Hen eggs,Plate-23cm (291g),Protein,31.72,g
,Hong kong egglets,EGG AND EGG PRODUCTS,Hen eggs,Piece (141g),Protein,11.0,g
,"Omelette, plain",EGG AND EGG PRODUCTS,Hen eggs,1 portion (24g),Protein,2.93,g
,"Omelette, yolk free egg mix, pan fried in butter",EGG AND EGG PRODUCTS,"Others (eg turtle eggs, egg substitutes)",1 portion (120g),Protein,12.72,g
,"Century egg, whole",EGG AND EGG PRODUCTS,"Duck eggs (eg salted, century)",Whole (115g),Retinol,117.3,mg
,Egg powder,EGG AND EGG PRODUCTS,"Others (eg turtle eggs, egg substitutes)",Gram (1g),Retinol,3.69,mg
,"Egg white, dried",EGG AND EGG PRODUCTS,Hen eggs,Gram (1g),Retinol,0.0,mg
,"Egg, duck, whole, raw",EGG AND EGG PRODUCTS,"Duck eggs (eg salted, century)",Whole (73g),Retinol,190.53,mcg
,"Egg, duck, whole, salted",EGG AND EGG PRODUCTS,"Duck eggs (eg salted, century)",Whole (67.3g),Retinol,90.18,mg
,"Egg, duck, yolk, raw",EGG AND EGG PRODUCTS,"Duck eggs (eg salted, century)",Whole (31g),Retinol,613.8,mg
,"Egg, duck, yolk, salted",EGG AND EGG PRODUCTS,"Duck eggs (eg salted, century)",Whole (17g),Retinol,57.12,mg
,"Egg, goose, white, raw",EGG AND EGG PRODUCTS,"Others (eg turtle eggs, egg substitutes)",1 portion (94.34g),Retinol,6.6,mg
,"Egg, goose, whole, raw",EGG AND EGG PRODUCTS,"Others (eg turtle eggs, egg substitutes)",Whole (165.5g),Retinol,317.76,mg
,"Egg, goose, yolk, raw",EGG AND EGG PRODUCTS,"Others (eg turtle eggs, egg substitutes)",1 portion (49.66g),Retinol,981.78,mg
,"Egg, hen, poached",EGG AND EGG PRODUCTS,Hen eggs,Whole (50g),Retinol,110.0,mcg
,"Egg, hen, scrambled with whole milk, butter and pepper",EGG AND EGG PRODUCTS,Hen eggs,Tablespoon (20.55g),Retinol,43.16,mg
,"Egg, hen, white, hard boiled",EGG AND EGG PRODUCTS,Hen eggs,Whole (29g),Retinol,0.0,mg
,"Egg, hen, white, raw",EGG AND EGG PRODUCTS,Hen eggs,Whole (32g),Retinol,0.0,mg
,"Egg, hen, whole, hard boiled",EGG AND EGG PRODUCTS,Hen eggs,Whole (55g),Retinol,82.5,mcg
,"Egg, hen, whole, raw",EGG AND EGG PRODUCTS,Hen eggs,Whole (53g),Retinol,185.5,mcg
,"Egg, hen, yolk, hard boiled",EGG AND EGG PRODUCTS,Hen eggs,Whole (17g),Retinol,73.1,mg
,"Egg, hen, yolk, raw",EGG AND EGG PRODUCTS,Hen eggs,Whole (12g),Retinol,68.4,mcg
,"Egg, quail, whole, raw",EGG AND EGG PRODUCTS,Quail eggs,Whole (12g),Retinol,18.6,mcg
,"Egg, turtle, white, raw",EGG AND EGG PRODUCTS,"Others (eg turtle eggs, egg substitutes)",Whole (15g),Retinol,7.5,mg
,"Egg, turtle, whole, raw",EGG AND EGG PRODUCTS,"Others (eg turtle eggs, egg substitutes)",Whole (39g),Retinol,7.02,mg
,"Egg, turtle, yolk, raw",EGG AND EGG PRODUCTS,"Others (eg turtle eggs, egg substitutes)",Whole (20g),Retinol,8.4,mg
,Eggs benedict,EGG AND EGG PRODUCTS,Hen eggs,Plate-23cm (291g),Retinol,302.64,mcg
,Hong kong egglets,EGG AND EGG PRODUCTS,Hen eggs,Piece (141g),Retinol,43.01,mcg
,"Omelette, plain",EGG AND EGG PRODUCTS,Hen eggs,1 portion (24g),Retinol,34.8,mg
,"Omelette, yolk free egg mix, pan fried in butter",EGG AND EGG PRODUCTS,"Others (eg turtle eggs, egg substitutes)",1 portion (120g),Retinol,34.8,mcg
,"Century egg, whole",EGG AND EGG PRODUCTS,"Duck eggs (eg salted, century)",Whole (115g),Riboflavin,0.69,mg
,Egg powder,EGG AND EGG PRODUCTS,"Others (eg turtle eggs, egg substitutes)",Gram (1g),Riboflavin,0.02,mg
,"Egg white, dried",EGG AND EGG PRODUCTS,Hen eggs,Gram (1g),Riboflavin,0.03,mg
,"Egg, duck, whole, raw",EGG AND EGG PRODUCTS,"Duck eggs (eg salted, century)",Whole (73g),Riboflavin,0.26,mg
,"Egg, duck, whole, salted",EGG AND EGG PRODUCTS,"Duck eggs (eg salted, century)",Whole (67.3g),Riboflavin,0.22,mg
,"Egg, duck, yolk, raw",EGG AND EGG PRODUCTS,"Duck eggs (eg salted, century)",Whole (31g),Riboflavin,0.19,mg
,"Egg, duck, yolk, salted",EGG AND EGG PRODUCTS,"Duck eggs (eg salted, century)",Whole (17g),Riboflavin,0.07,mg
,"Egg, goose, white, raw",EGG AND EGG PRODUCTS,"Others (eg turtle eggs, egg substitutes)",1 portion (94.34g),Riboflavin,0.04,mg
,"Egg, goose, whole, raw",EGG AND EGG PRODUCTS,"Others (eg turtle eggs, egg substitutes)",Whole (165.5g),Riboflavin,0.5,mg
,"Egg, goose, yolk, raw",EGG AND EGG PRODUCTS,"Others (eg turtle eggs, egg substitutes)",1 portion (49.66g),Riboflavin,0.29,mg
,"Egg, hen, poached",EGG AND EGG PRODUCTS,Hen eggs,Whole (50g),Riboflavin,0.15,mg
,"Egg, hen, scrambled with whole milk, butter and pepper",EGG AND EGG PRODUCTS,Hen eggs,Tablespoon (20.55g),Riboflavin,0.08,mg
,"Egg, hen, white, hard boiled",EGG AND EGG PRODUCTS,Hen eggs,Whole (29g),Riboflavin,0.09,mg
,"Egg, hen, white, raw",EGG AND EGG PRODUCTS,Hen eggs,Whole (32g),Riboflavin,0.14,mg
,"Egg, hen, whole, hard boiled",EGG AND EGG PRODUCTS,Hen eggs,Whole (55g),Riboflavin,0.19,mg
,"Egg, hen, whole, raw",EGG AND EGG PRODUCTS,Hen eggs,Whole (53g),Riboflavin,0.31,mg
,"Egg, hen, yolk, hard boiled",EGG AND EGG PRODUCTS,Hen eggs,Whole (17g),Riboflavin,0.07,mg
,"Egg, hen, yolk, raw",EGG AND EGG PRODUCTS,Hen eggs,Whole (12g),Riboflavin,0.04,mg
,"Egg, quail, whole, raw",EGG AND EGG PRODUCTS,Quail eggs,Whole (12g),Riboflavin,0.09,mg
,"Egg, turtle, white, raw",EGG AND EGG PRODUCTS,"Others (eg turtle eggs, egg substitutes)",Whole (15g),Riboflavin,0.03,mg
,"Egg, turtle, whole, raw",EGG AND EGG PRODUCTS,"Others (eg turtle eggs, egg substitutes)",Whole (39g),Riboflavin,0.07,mg
,"Egg, turtle, yolk, raw",EGG AND EGG PRODUCTS,"Others (eg turtle eggs, egg substitutes)",Whole (20g),Riboflavin,0.04,mg
,"Omelette, plain",EGG AND EGG PRODUCTS,Hen eggs,1 portion (24g),Riboflavin,0.08,mg
,"Omelette, yolk free egg mix, pan fried in butter",EGG AND EGG PRODUCTS,"Others (eg turtle eggs, egg substitutes)",1 portion (120g),Riboflavin,0.49,mg
,Egg powder,EGG AND EGG PRODUCTS,"Others (eg turtle eggs, egg substitutes)",Gram (1g),Saturated fat,0.04,g
,"Egg white, dried",EGG AND EGG PRODUCTS,Hen eggs,Gram (1g),Saturated fat,0.0,g
,"Egg, duck, whole, raw",EGG AND EGG PRODUCTS,"Duck eggs (eg salted, century)",Whole (73g),Saturated fat,3.29,g
,"Egg, duck, whole, salted",EGG AND EGG PRODUCTS,"Duck eggs (eg salted, century)",Whole (67.3g),Saturated fat,2.96,g
,"Egg, duck, yolk, raw",EGG AND EGG PRODUCTS,"Duck eggs (eg salted, century)",Whole (31g),Saturated fat,2.91,g
,"Egg, duck, yolk, salted",EGG AND EGG PRODUCTS,"Duck eggs (eg salted, century)",Whole (17g),Saturated fat,3.15,g
,"Egg, goose, white, raw",EGG AND EGG PRODUCTS,"Others (eg turtle eggs, egg substitutes)",1 portion (94.34g),Saturated fat,0.0,g
,"Egg, goose, whole, raw",EGG AND EGG PRODUCTS,"Others (eg turtle eggs, egg substitutes)",Whole (165.5g),Saturated fat,9.1,g
,"Egg, goose, yolk, raw",EGG AND EGG PRODUCTS,"Others (eg turtle eggs, egg substitutes)",1 portion (49.66g),Saturated fat,4.32,g
,"Egg, hen, poached",EGG AND EGG PRODUCTS,Hen eggs,Whole (50g),Saturated fat,1.7,g
,"Egg, hen, scrambled with whole milk, butter and pepper",EGG AND EGG PRODUCTS,Hen eggs,Tablespoon (20.55g),Saturated fat,1.23,g
,"Egg, hen, white, hard boiled",EGG AND EGG PRODUCTS,Hen eggs,Whole (29g),Saturated fat,0.0,g
,"Egg, hen, white, raw",EGG AND EGG PRODUCTS,Hen eggs,Whole (32g),Saturated fat,0.0,g
,"Egg, hen, whole, hard boiled",EGG AND EGG PRODUCTS,Hen eggs,Whole (55g),Saturated fat,1.82,g
,"Egg, hen, whole, raw",EGG AND EGG PRODUCTS,Hen eggs,Whole (53g),Saturated fat,1.7,g
,"Egg, hen, yolk, hard boiled",EGG AND EGG PRODUCTS,Hen eggs,Whole (17g),Saturated fat,1.63,g
,"Egg, hen, yolk, raw",EGG AND EGG PRODUCTS,Hen eggs,Whole (12g),Saturated fat,1.06,g
,"Egg, quail, whole, raw",EGG AND EGG PRODUCTS,Quail eggs,Whole (12g),Saturated fat,0.43,g
,"Egg, turtle, white, raw",EGG AND EGG PRODUCTS,"Others (eg turtle eggs, egg substitutes)",Whole (15g),Saturated fat,0.0,g
,Eggs benedict,EGG AND EGG PRODUCTS,Hen eggs,Plate-23cm (291g),Saturated fat,23.69,g
,Hong kong egglets,EGG AND EGG PRODUCTS,Hen eggs,Piece (141g),Saturated fat,7.13,g
,"Omelette, plain",EGG AND EGG PRODUCTS,Hen eggs,1 portion (24g),Saturated fat,1.25,g
,"Omelette, yolk free egg mix, pan fried in butter",EGG AND EGG PRODUCTS,"Others (eg turtle eggs, egg substitutes)",1 portion (120g),Saturated fat,5.88,g
,Egg powder,EGG AND EGG PRODUCTS,"Others (eg turtle eggs, egg substitutes)",Gram (1g),Selenium,1.28,mcg
,"Egg white, dried",EGG AND EGG PRODUCTS,Hen eggs,Gram (1g),Selenium,1.25,mcg
,"Egg, duck, whole, raw",EGG AND EGG PRODUCTS,"Duck eggs (eg salted, century)",Whole (73g),Selenium,11.46,mcg
,"Egg, duck, whole, salted",EGG AND EGG PRODUCTS,"Duck eggs (eg salted, century)",Whole (67.3g),Selenium,16.18,mcg
,"Egg, duck, yolk, raw",EGG AND EGG PRODUCTS,"Duck eggs (eg salted, century)",Whole (31g),Selenium,7.75,mcg
,"Egg, goose, white, raw",EGG AND EGG PRODUCTS,"Others (eg turtle eggs, egg substitutes)",1 portion (94.34g),Selenium,7.55,mcg
,"Egg, goose, whole, raw",EGG AND EGG PRODUCTS,"Others (eg turtle eggs, egg substitutes)",Whole (165.5g),Selenium,45.02,mcg
,"Egg, goose, yolk, raw",EGG AND EGG PRODUCTS,"Others (eg turtle eggs, egg substitutes)",1 portion (49.66g),Selenium,12.91,mcg
,"Egg, hen, poached",EGG AND EGG PRODUCTS,Hen eggs,Whole (50g),Selenium,5.5,mcg
,"Egg, hen, scrambled with whole milk, butter and pepper",EGG AND EGG PRODUCTS,Hen eggs,Tablespoon (20.55g),Selenium,1.85,mcg
,"Egg, hen, white, hard boiled",EGG AND EGG PRODUCTS,Hen eggs,Whole (29g),Selenium,1.74,mcg
,"Egg, hen, white, raw",EGG AND EGG PRODUCTS,Hen eggs,Whole (32g),Selenium,1.44,mcg
,"Egg, hen, whole, hard boiled",EGG AND EGG PRODUCTS,Hen eggs,Whole (55g),Selenium,6.05,mcg
,"Egg, hen, whole, raw",EGG AND EGG PRODUCTS,Hen eggs,Whole (53g),Selenium,5.83,mcg
,"Egg, hen, yolk, hard boiled",EGG AND EGG PRODUCTS,Hen eggs,Whole (17g),Selenium,3.4,mcg
,"Egg, hen, yolk, raw",EGG AND EGG PRODUCTS,Hen eggs,Whole (12g),Selenium,2.4,mcg
,"Egg, quail, whole, raw",EGG AND EGG PRODUCTS,Quail eggs,Whole (12g),Selenium,3.84,mcg
,"Omelette, plain",EGG AND EGG PRODUCTS,Hen eggs,1 portion (24g),Selenium,2.16,mcg
,"Omelette, yolk free egg mix, pan fried in butter",EGG AND EGG PRODUCTS,"Others (eg turtle eggs, egg substitutes)",1 portion (120g),Selenium,0.0,mcg
,"Century egg, whole",EGG AND EGG PRODUCTS,"Duck eggs (eg salted, century)",Whole (115g),Sodium,442.75,mg
,Egg powder,EGG AND EGG PRODUCTS,"Others (eg turtle eggs, egg substitutes)",Gram (1g),Sodium,8.0,mg
,"Egg white, dried",EGG AND EGG PRODUCTS,Hen eggs,Gram (1g),Sodium,12.8,mg
,"Egg, duck, whole, raw",EGG AND EGG PRODUCTS,"Duck eggs (eg salted, century)",Whole (73g),Sodium,77.38,mg
,"Egg, duck, whole, salted",EGG AND EGG PRODUCTS,"Duck eggs (eg salted, century)",Whole (67.3g),Sodium,1821.21,mg
,"Egg, duck, yolk, raw",EGG AND EGG PRODUCTS,"Duck eggs (eg salted, century)",Whole (31g),Sodium,9.33,mg
,"Egg, duck, yolk, salted",EGG AND EGG PRODUCTS,"Duck eggs (eg salted, century)",Whole (17g),Sodium,52.19,mg
,"Egg, goose, white, raw",EGG AND EGG PRODUCTS,"Others (eg turtle eggs, egg substitutes)",1 portion (94.34g),Sodium,72.92,mg
,"Egg, goose, whole, raw",EGG AND EGG PRODUCTS,"Others (eg turtle eggs, egg substitutes)",Whole (165.5g),Sodium,149.94,mg
,"Egg, goose, yolk, raw",EGG AND EGG PRODUCTS,"Others (eg turtle eggs, egg substitutes)",1 portion (49.66g),Sodium,12.12,mg
,"Egg, hen, poached",EGG AND EGG PRODUCTS,Hen eggs,Whole (50g),Sodium,43.5,mg
,"Egg, hen, scrambled with whole milk, butter and pepper",EGG AND EGG PRODUCTS,Hen eggs,Tablespoon (20.55g),Sodium,28.98,mg
,"Egg, hen, white, hard boiled",EGG AND EGG PRODUCTS,Hen eggs,Whole (29g),Sodium,47.27,mg
,"Egg, hen, white, raw",EGG AND EGG PRODUCTS,Hen eggs,Whole (32g),Sodium,58.24,mg
,"Egg, hen, whole, hard boiled",EGG AND EGG PRODUCTS,Hen eggs,Whole (55g),Sodium,67.65,mg
,"Egg, hen, whole, raw",EGG AND EGG PRODUCTS,Hen eggs,Whole (53g),Sodium,64.66,mg
,"Egg, hen, yolk, hard boiled",EGG AND EGG PRODUCTS,Hen eggs,Whole (17g),Sodium,7.99,mg
,"Egg, hen, yolk, raw",EGG AND EGG PRODUCTS,Hen eggs,Whole (12g),Sodium,9.36,mg
,"Egg, quail, whole, raw",EGG AND EGG PRODUCTS,Quail eggs,Whole (12g),Sodium,16.92,mg
,"Egg, turtle, white, raw",EGG AND EGG PRODUCTS,"Others (eg turtle eggs, egg substitutes)",Whole (15g),Sodium,23.1,mg
,"Egg, turtle, whole, raw",EGG AND EGG PRODUCTS,"Others (eg turtle eggs, egg substitutes)",Whole (39g),Sodium,47.19,mg
,"Egg, turtle, yolk, raw",EGG AND EGG PRODUCTS,"Others (eg turtle eggs, egg substitutes)",Whole (20g),Sodium,20.6,mg
,Eggs benedict,EGG AND EGG PRODUCTS,Hen eggs,Plate-23cm (291g),Sodium,1015.59,mg
,Hong kong egglets,EGG AND EGG PRODUCTS,Hen eggs,Piece (141g),Sodium,180.48,mg
,"Omelette, plain",EGG AND EGG PRODUCTS,Hen eggs,1 portion (24g),Sodium,34.8,mg
,"Omelette, yolk free egg mix, pan fried in butter",EGG AND EGG PRODUCTS,"Others (eg turtle eggs, egg substitutes)",1 portion (120g),Sodium,226.8,mg
,Egg powder,EGG AND EGG PRODUCTS,"Others (eg turtle eggs, egg substitutes)",Gram (1g),Starch,0.0,g
,"Egg white, dried",EGG AND EGG PRODUCTS,Hen eggs,Gram (1g),Starch,0.0,g
,"Egg, duck, whole, raw",EGG AND EGG PRODUCTS,"Duck eggs (eg salted, century)",Whole (73g),Starch,0.0,g
,"Egg, duck, yolk, salted",EGG AND EGG PRODUCTS,"Duck eggs (eg salted, century)",Whole (17g),Starch,0.0,g
,"Egg, hen, poached",EGG AND EGG PRODUCTS,Hen eggs,Whole (50g),Starch,0.0,g
,"Egg, hen, scrambled with whole milk, butter and pepper",EGG AND EGG PRODUCTS,Hen eggs,Tablespoon (20.55g),Starch,0.0,g
,"Egg, hen, white, hard boiled",EGG AND EGG PRODUCTS,Hen eggs,Whole (29g),Starch,0.0,g
,"Egg, hen, white, raw",EGG AND EGG PRODUCTS,Hen eggs,Whole (32g),Starch,0.0,g
,"Egg, hen, whole, hard boiled",EGG AND EGG PRODUCTS,Hen eggs,Whole (55g),Starch,0.0,g
,"Egg, hen, whole, raw",EGG AND EGG PRODUCTS,Hen eggs,Whole (53g),Starch,0.0,g
,"Egg, hen, yolk, hard boiled",EGG AND EGG PRODUCTS,Hen eggs,Whole (17g),Starch,0.0,g
,"Egg, hen, yolk, raw",EGG AND EGG PRODUCTS,Hen eggs,Whole (12g),Starch,0.0,g
,"Egg, quail, whole, raw",EGG AND EGG PRODUCTS,Quail eggs,Whole (12g),Starch,0.0,g
,"Egg, turtle, white, raw",EGG AND EGG PRODUCTS,"Others (eg turtle eggs, egg substitutes)",Whole (15g),Starch,0.0,g
,Eggs benedict,EGG AND EGG PRODUCTS,Hen eggs,Plate-23cm (291g),Starch,19.79,g
,Hong kong egglets,EGG AND EGG PRODUCTS,Hen eggs,Piece (141g),Starch,40.61,g
,"Omelette, plain",EGG AND EGG PRODUCTS,Hen eggs,1 portion (24g),Starch,0.0,g
,"Omelette, yolk free egg mix, pan fried in butter",EGG AND EGG PRODUCTS,"Others (eg turtle eggs, egg substitutes)",1 portion (120g),Starch,0.0,g
,Egg powder,EGG AND EGG PRODUCTS,"Others (eg turtle eggs, egg substitutes)",Gram (1g),Sugar,0.22,g
,"Egg white, dried",EGG AND EGG PRODUCTS,Hen eggs,Gram (1g),Sugar,0.08,g
,"Egg, duck, whole, raw",EGG AND EGG PRODUCTS,"Duck eggs (eg salted, century)",Whole (73g),Sugar,0.0,g
,"Egg, duck, yolk, salted",EGG AND EGG PRODUCTS,"Duck eggs (eg salted, century)",Whole (17g),Sugar,0.0,g
,"Egg, hen, poached",EGG AND EGG PRODUCTS,Hen eggs,Whole (50g),Sugar,0.15,g
,"Egg, hen, scrambled with whole milk, butter and pepper",EGG AND EGG PRODUCTS,Hen eggs,Tablespoon (20.55g),Sugar,0.08,g
,"Egg, hen, white, hard boiled",EGG AND EGG PRODUCTS,Hen eggs,Whole (29g),Sugar,0.12,g
,"Egg, hen, white, raw",EGG AND EGG PRODUCTS,Hen eggs,Whole (32g),Sugar,0.13,g
,"Egg, hen, whole, hard boiled",EGG AND EGG PRODUCTS,Hen eggs,Whole (55g),Sugar,0.17,g
,"Egg, hen, whole, raw",EGG AND EGG PRODUCTS,Hen eggs,Whole (53g),Sugar,0.48,g
,"Egg, hen, yolk, hard boiled",EGG AND EGG PRODUCTS,Hen eggs,Whole (17g),Sugar,0.03,g
,"Egg, hen, yolk, raw",EGG AND EGG PRODUCTS,Hen eggs,Whole (12g),Sugar,0.0,g
,"Egg, quail, whole, raw",EGG AND EGG PRODUCTS,Quail eggs,Whole (12g),Sugar,0.05,g
,"Egg, turtle, white, raw",EGG AND EGG PRODUCTS,"Others (eg turtle eggs, egg substitutes)",Whole (15g),Sugar,0.0,g
,Eggs benedict,EGG AND EGG PRODUCTS,Hen eggs,Plate-23cm (291g),Sugar,4.66,g
,Hong kong egglets,EGG AND EGG PRODUCTS,Hen eggs,Piece (141g),Sugar,30.46,g
,"Omelette, plain",EGG AND EGG PRODUCTS,Hen eggs,1 portion (24g),Sugar,0.0,g
,"Omelette, yolk free egg mix, pan fried in butter",EGG AND EGG PRODUCTS,"Others (eg turtle eggs, egg substitutes)",1 portion (120g),Sugar,4.68,g
,"Century egg, whole",EGG AND EGG PRODUCTS,"Duck eggs (eg salted, century)",Whole (115g),Thiamin,0.01,mg
,Egg powder,EGG AND EGG PRODUCTS,"Others (eg turtle eggs, egg substitutes)",Gram (1g),Thiamin,0.0,mg
,"Egg white, dried",EGG AND EGG PRODUCTS,Hen eggs,Gram (1g),Thiamin,0.0,mg
,"Egg, duck, whole, raw",EGG AND EGG PRODUCTS,"Duck eggs (eg salted, century)",Whole (73g),Thiamin,0.12,mg
,"Egg, duck, whole, salted",EGG AND EGG PRODUCTS,"Duck eggs (eg salted, century)",Whole (67.3g),Thiamin,0.11,mg
,"Egg, duck, yolk, raw",EGG AND EGG PRODUCTS,"Duck eggs (eg salted, century)",Whole (31g),Thiamin,0.09,mg
,"Egg, duck, yolk, salted",EGG AND EGG PRODUCTS,"Duck eggs (eg salted, century)",Whole (17g),Thiamin,0.11,mg
,"Egg, goose, white, raw",EGG AND EGG PRODUCTS,"Others (eg turtle eggs, egg substitutes)",1 portion (94.34g),Thiamin,0.03,mg
,"Egg, goose, whole, raw",EGG AND EGG PRODUCTS,"Others (eg turtle eggs, egg substitutes)",Whole (165.5g),Thiamin,0.13,mg
,"Egg, goose, yolk, raw",EGG AND EGG PRODUCTS,"Others (eg turtle eggs, egg substitutes)",1 portion (49.66g),Thiamin,0.03,mg
,"Egg, hen, poached",EGG AND EGG PRODUCTS,Hen eggs,Whole (50g),Thiamin,0.05,mg
,"Egg, hen, scrambled with whole milk, butter and pepper",EGG AND EGG PRODUCTS,Hen eggs,Tablespoon (20.55g),Thiamin,0.02,mg
,"Egg, hen, white, hard boiled",EGG AND EGG PRODUCTS,Hen eggs,Whole (29g),Thiamin,0.0,mg
,"Egg, hen, white, raw",EGG AND EGG PRODUCTS,Hen eggs,Whole (32g),Thiamin,0.0,mg
,"Egg, hen, whole, hard boiled",EGG AND EGG PRODUCTS,Hen eggs,Whole (55g),Thiamin,0.04,mg
,"Egg, hen, whole, raw",EGG AND EGG PRODUCTS,Hen eggs,Whole (53g),Thiamin,0.08,mg
,"Egg, hen, yolk, hard boiled",EGG AND EGG PRODUCTS,Hen eggs,Whole (17g),Thiamin,0.03,mg
,"Egg, hen, yolk, raw",EGG AND EGG PRODUCTS,Hen eggs,Whole (12g),Thiamin,0.05,mg
,"Egg, quail, whole, raw",EGG AND EGG PRODUCTS,Quail eggs,Whole (12g),Thiamin,0.02,mg
,"Egg, turtle, white, raw",EGG AND EGG PRODUCTS,"Others (eg turtle eggs, egg substitutes)",Whole (15g),Thiamin,0.0,mg
,"Egg, turtle, whole, raw",EGG AND EGG PRODUCTS,"Others (eg turtle eggs, egg substitutes)",Whole (39g),Thiamin,0.07,mg
,"Egg, turtle, yolk, raw",EGG AND EGG PRODUCTS,"Others (eg turtle eggs, egg substitutes)",Whole (20g),Thiamin,0.04,mg
,"Omelette, plain",EGG AND EGG PRODUCTS,Hen eggs,1 portion (24g),Thiamin,0.02,mg
,"Omelette, yolk free egg mix, pan fried in butter",EGG AND EGG PRODUCTS,"Others (eg turtle eggs, egg substitutes)",1 portion (120g),Thiamin,0.0,mg
,"Century egg, whole",EGG AND EGG PRODUCTS,"Duck eggs (eg salted, century)",Whole (115g),Total fat,10.7,g
,Egg powder,EGG AND EGG PRODUCTS,"Others (eg turtle eggs, egg substitutes)",Gram (1g),Total fat,0.13,g
,"Egg white, dried",EGG AND EGG PRODUCTS,Hen eggs,Gram (1g),Total fat,0.0,g
,"Egg, duck, whole, raw",EGG AND EGG PRODUCTS,"Duck eggs (eg salted, century)",Whole (73g),Total fat,9.49,g
,"Egg, duck, whole, salted",EGG AND EGG PRODUCTS,"Duck eggs (eg salted, century)",Whole (67.3g),Total fat,8.55,g
,"Egg, duck, yolk, raw",EGG AND EGG PRODUCTS,"Duck eggs (eg salted, century)",Whole (31g),Total fat,10.48,g
,"Egg, duck, yolk, salted",EGG AND EGG PRODUCTS,"Duck eggs (eg salted, century)",Whole (17g),Total fat,9.01,g
,"Egg, goose, whole, raw",EGG AND EGG PRODUCTS,"Others (eg turtle eggs, egg substitutes)",Whole (165.5g),Total fat,25.82,g
,"Egg, goose, yolk, raw",EGG AND EGG PRODUCTS,"Others (eg turtle eggs, egg substitutes)",1 portion (49.66g),Total fat,13.11,g
,"Egg, hen, poached",EGG AND EGG PRODUCTS,Hen eggs,Whole (50g),Total fat,5.6,g
,"Egg, hen, scrambled with whole milk, butter and pepper",EGG AND EGG PRODUCTS,Hen eggs,Tablespoon (20.55g),Total fat,2.77,g
,"Egg, hen, white, hard boiled",EGG AND EGG PRODUCTS,Hen eggs,Whole (29g),Total fat,0.0,g
,"Egg, hen, white, raw",EGG AND EGG PRODUCTS,Hen eggs,Whole (32g),Total fat,0.0,g
,"Egg, hen, whole, hard boiled",EGG AND EGG PRODUCTS,Hen eggs,Whole (55g),Total fat,6.0,g
,"Egg, hen, whole, raw",EGG AND EGG PRODUCTS,Hen eggs,Whole (53g),Total fat,5.88,g
,"Egg, hen, yolk, hard boiled",EGG AND EGG PRODUCTS,Hen eggs,Whole (17g),Total fat,5.39,g
,"Egg, hen, yolk, raw",EGG AND EGG PRODUCTS,Hen eggs,Whole (12g),Total fat,3.71,g
,"Egg, quail, whole, raw",EGG AND EGG PRODUCTS,Quail eggs,Whole (12g),Total fat,1.33,g
,"Egg, turtle, white, raw",EGG AND EGG PRODUCTS,"Others (eg turtle eggs, egg substitutes)",Whole (15g),Total fat,0.0,g
,"Egg, turtle, whole, raw",EGG AND EGG PRODUCTS,"Others (eg turtle eggs, egg substitutes)",Whole (39g),Total fat,3.2,g
,"Egg, turtle, yolk, raw",EGG AND EGG PRODUCTS,"Others (eg turtle eggs, egg substitutes)",Whole (20g),Total fat,3.72,g
,Eggs benedict,EGG AND EGG PRODUCTS,Hen eggs,Plate-23cm (291g),Total fat,49.38,g
,Hong kong egglets,EGG AND EGG PRODUCTS,Hen eggs,Piece (141g),Total fat,12.97,g
,"Omelette, plain",EGG AND EGG PRODUCTS,Hen eggs,1 portion (24g),Total fat,3.14,g
,"Omelette, yolk free egg mix, pan fried in butter",EGG AND EGG PRODUCTS,"Others (eg turtle eggs, egg substitutes)",1 portion (120g),Total fat,15.36,g
,"Egg, duck, whole, raw",EGG AND EGG PRODUCTS,"Duck eggs (eg salted, century)",Whole (73g),Trans Fat,0.0,mg
,"Egg, hen, poached",EGG AND EGG PRODUCTS,Hen eggs,Whole (50g),Trans Fat,0.0,mg
,"Egg, hen, whole, hard boiled",EGG AND EGG PRODUCTS,Hen eggs,Whole (55g),Trans Fat,0.0,mg
,"Egg, hen, whole, raw",EGG AND EGG PRODUCTS,Hen eggs,Whole (53g),Trans Fat,0.0,mg
,"Egg, hen, yolk, raw",EGG AND EGG PRODUCTS,Hen eggs,Whole (12g),Trans Fat,0.0,mg
,"Egg, quail, whole, raw",EGG AND EGG PRODUCTS,Quail eggs,Whole (12g),Trans Fat,0.0,mg
,Eggs benedict,EGG AND EGG PRODUCTS,Hen eggs,Plate-23cm (291g),Trans Fat,0.17,g
,Hong kong egglets,EGG AND EGG PRODUCTS,Hen eggs,Piece (141g),Trans Fat,0.0,g
,"Omelette, yolk free egg mix, pan fried in butter",EGG AND EGG PRODUCTS,"Others (eg turtle eggs, egg substitutes)",1 portion (120g),Trans Fat,0.0,mg
,"Century egg, whole",EGG AND EGG PRODUCTS,"Duck eggs (eg salted, century)",Whole (115g),Vitamin A,164.45,mcg
,Egg powder,EGG AND EGG PRODUCTS,"Others (eg turtle eggs, egg substitutes)",Gram (1g),Vitamin A,3.69,mcg
,"Egg white, dried",EGG AND EGG PRODUCTS,Hen eggs,Gram (1g),Vitamin A,0.0,mcg
,"Egg, duck, whole, raw",EGG AND EGG PRODUCTS,"Duck eggs (eg salted, century)",Whole (73g),Vitamin A,190.53,mcg
,"Egg, duck, whole, salted",EGG AND EGG PRODUCTS,"Duck eggs (eg salted, century)",Whole (67.3g),Vitamin A,90.18,mcg
,"Egg, duck, yolk, raw",EGG AND EGG PRODUCTS,"Duck eggs (eg salted, century)",Whole (31g),Vitamin A,613.8,mcg
,"Egg, duck, yolk, salted",EGG AND EGG PRODUCTS,"Duck eggs (eg salted, century)",Whole (17g),Vitamin A,70.21,mcg
,"Egg, goose, white, raw",EGG AND EGG PRODUCTS,"Others (eg turtle eggs, egg substitutes)",1 portion (94.34g),Vitamin A,6.6,mcg
,"Egg, goose, whole, raw",EGG AND EGG PRODUCTS,"Others (eg turtle eggs, egg substitutes)",Whole (165.5g),Vitamin A,317.76,mcg
,"Egg, goose, yolk, raw",EGG AND EGG PRODUCTS,"Others (eg turtle eggs, egg substitutes)",1 portion (49.66g),Vitamin A,981.78,mcg
,"Egg, hen, poached",EGG AND EGG PRODUCTS,Hen eggs,Whole (50g),Vitamin A,110.0,mcg
,"Egg, hen, scrambled with whole milk, butter and pepper",EGG AND EGG PRODUCTS,Hen eggs,Tablespoon (20.55g),Vitamin A,45.21,mcg
,"Egg, hen, white, hard boiled",EGG AND EGG PRODUCTS,Hen eggs,Whole (29g),Vitamin A,0.0,mcg
,"Egg, hen, white, raw",EGG AND EGG PRODUCTS,Hen eggs,Whole (32g),Vitamin A,0.0,mcg
,"Egg, hen, whole, hard boiled",EGG AND EGG PRODUCTS,Hen eggs,Whole (55g),Vitamin A,82.5,mcg
,"Egg, hen, whole, raw",EGG AND EGG PRODUCTS,Hen eggs,Whole (53g),Vitamin A,185.5,mcg
,"Egg, hen, yolk, hard boiled",EGG AND EGG PRODUCTS,Hen eggs,Whole (17g),Vitamin A,73.1,mcg
,"Egg, hen, yolk, raw",EGG AND EGG PRODUCTS,Hen eggs,Whole (12g),Vitamin A,68.4,mcg
,"Egg, quail, whole, raw",EGG AND EGG PRODUCTS,Quail eggs,Whole (12g),Vitamin A,18.72,mcg
,"Egg, turtle, white, raw",EGG AND EGG PRODUCTS,"Others (eg turtle eggs, egg substitutes)",Whole (15g),Vitamin A,7.5,mcg
,"Egg, turtle, whole, raw",EGG AND EGG PRODUCTS,"Others (eg turtle eggs, egg substitutes)",Whole (39g),Vitamin A,7.41,mcg
,"Egg, turtle, yolk, raw",EGG AND EGG PRODUCTS,"Others (eg turtle eggs, egg substitutes)",Whole (20g),Vitamin A,8.4,mcg
,Eggs benedict,EGG AND EGG PRODUCTS,Hen eggs,Plate-23cm (291g),Vitamin A,398.67,mcg
,Hong kong egglets,EGG AND EGG PRODUCTS,Hen eggs,Piece (141g),Vitamin A,43.01,mcg
,"Omelette, plain",EGG AND EGG PRODUCTS,Hen eggs,1 portion (24g),Vitamin A,35.76,mcg
,"Omelette, yolk free egg mix, pan fried in butter",EGG AND EGG PRODUCTS,"Others (eg turtle eggs, egg substitutes)",1 portion (120g),Vitamin A,336.0,mcg
,"Century egg, whole",EGG AND EGG PRODUCTS,"Duck eggs (eg salted, century)",Whole (115g),Vitamin C,0.0,mg
,Egg powder,EGG AND EGG PRODUCTS,"Others (eg turtle eggs, egg substitutes)",Gram (1g),Vitamin C,0.01,mg
,"Egg white, dried",EGG AND EGG PRODUCTS,Hen eggs,Gram (1g),Vitamin C,0.0,mg
,"Egg, duck, whole, raw",EGG AND EGG PRODUCTS,"Duck eggs (eg salted, century)",Whole (73g),Vitamin C,0.0,mg
,"Egg, duck, whole, salted",EGG AND EGG PRODUCTS,"Duck eggs (eg salted, century)",Whole (67.3g),Vitamin C,0.0,mg
,"Egg, duck, yolk, raw",EGG AND EGG PRODUCTS,"Duck eggs (eg salted, century)",Whole (31g),Vitamin C,0.0,mg
,"Egg, duck, yolk, salted",EGG AND EGG PRODUCTS,"Duck eggs (eg salted, century)",Whole (17g),Vitamin C,0.0,mg
,"Egg, goose, white, raw",EGG AND EGG PRODUCTS,"Others (eg turtle eggs, egg substitutes)",1 portion (94.34g),Vitamin C,0.0,mg
,"Egg, goose, whole, raw",EGG AND EGG PRODUCTS,"Others (eg turtle eggs, egg substitutes)",Whole (165.5g),Vitamin C,0.0,mg
,"Egg, goose, yolk, raw",EGG AND EGG PRODUCTS,"Others (eg turtle eggs, egg substitutes)",1 portion (49.66g),Vitamin C,0.0,mg
,"Egg, hen, poached",EGG AND EGG PRODUCTS,Hen eggs,Whole (50g),Vitamin C,0.0,mg
,"Egg, hen, scrambled with whole milk, butter and pepper",EGG AND EGG PRODUCTS,Hen eggs,Tablespoon (20.55g),Vitamin C,0.0,mg
,"Egg, hen, white, hard boiled",EGG AND EGG PRODUCTS,Hen eggs,Whole (29g),Vitamin C,0.0,mg
,"Egg, hen, white, raw",EGG AND EGG PRODUCTS,Hen eggs,Whole (32g),Vitamin C,0.0,mg
,"Egg, hen, whole, hard boiled",EGG AND EGG PRODUCTS,Hen eggs,Whole (55g),Vitamin C,0.0,mg
,"Egg, hen, whole, raw",EGG AND EGG PRODUCTS,Hen eggs,Whole (53g),Vitamin C,0.0,mg
,"Egg, hen, yolk, hard boiled",EGG AND EGG PRODUCTS,Hen eggs,Whole (17g),Vitamin C,0.0,mg
,"Egg, hen, yolk, raw",EGG AND EGG PRODUCTS,Hen eggs,Whole (12g),Vitamin C,0.0,mg
,"Egg, quail, whole, raw",EGG AND EGG PRODUCTS,Quail eggs,Whole (12g),Vitamin C,0.0,mg
,"Egg, turtle, white, raw",EGG AND EGG PRODUCTS,"Others (eg turtle eggs, egg substitutes)",Whole (15g),Vitamin C,0.0,mg
,"Egg, turtle, whole, raw",EGG AND EGG PRODUCTS,"Others (eg turtle eggs, egg substitutes)",Whole (39g),Vitamin C,0.0,mg
,"Egg, turtle, yolk, raw",EGG AND EGG PRODUCTS,"Others (eg turtle eggs, egg substitutes)",Whole (20g),Vitamin C,0.0,mg
,Eggs benedict,EGG AND EGG PRODUCTS,Hen eggs,Plate-23cm (291g),Vitamin C,0.0,mg
,Hong kong egglets,EGG AND EGG PRODUCTS,Hen eggs,Piece (141g),Vitamin C,0.0,mg
,"Omelette, plain",EGG AND EGG PRODUCTS,Hen eggs,1 portion (24g),Vitamin C,0.0,mg
,"Omelette, yolk free egg mix, pan fried in butter",EGG AND EGG PRODUCTS,"Others (eg turtle eggs, egg substitutes)",1 portion (120g),Vitamin C,0.0,mg
,"Egg, duck, whole, raw",EGG AND EGG PRODUCTS,"Duck eggs (eg salted, century)",Whole (73g),Vitamin D,0.0,IU
,"Egg, hen, poached",EGG AND EGG PRODUCTS,Hen eggs,Whole (50g),Vitamin D,0.0,IU
,"Egg, hen, white, hard boiled",EGG AND EGG PRODUCTS,Hen eggs,Whole (29g),Vitamin D,0.0,IU
,"Egg, hen, white, raw",EGG AND EGG PRODUCTS,Hen eggs,Whole (32g),Vitamin D,0.0,IU
,"Egg, hen, whole, hard boiled",EGG AND EGG PRODUCTS,Hen eggs,Whole (55g),Vitamin D,0.0,IU
,"Egg, hen, whole, raw",EGG AND EGG PRODUCTS,Hen eggs,Whole (53g),Vitamin D,0.0,IU
,"Egg, hen, yolk, hard boiled",EGG AND EGG PRODUCTS,Hen eggs,Whole (17g),Vitamin D,0.0,IU
,"Egg, hen, yolk, raw",EGG AND EGG PRODUCTS,Hen eggs,Whole (12g),Vitamin D,10.56,IU
,"Egg, quail, whole, raw",EGG AND EGG PRODUCTS,Quail eggs,Whole (12g),Vitamin D,0.0,IU
,"Omelette, yolk free egg mix, pan fried in butter",EGG AND EGG PRODUCTS,"Others (eg turtle eggs, egg substitutes)",1 portion (120g),Vitamin D,0.0,IU
,"Century egg, whole",EGG AND EGG PRODUCTS,"Duck eggs (eg salted, century)",Whole (115g),Water,77.51,g
,Egg powder,EGG AND EGG PRODUCTS,"Others (eg turtle eggs, egg substitutes)",Gram (1g),Water,0.04,g
,"Egg white, dried",EGG AND EGG PRODUCTS,Hen eggs,Gram (1g),Water,0.06,g
,"Egg, duck, whole, raw",EGG AND EGG PRODUCTS,"Duck eggs (eg salted, century)",Whole (73g),Water,51.32,g
,"Egg, duck, whole, salted",EGG AND EGG PRODUCTS,"Duck eggs (eg salted, century)",Whole (67.3g),Water,41.25,g
,"Egg, duck, yolk, raw",EGG AND EGG PRODUCTS,"Duck eggs (eg salted, century)",Whole (31g),Water,13.92,g
,"Egg, duck, yolk, salted",EGG AND EGG PRODUCTS,"Duck eggs (eg salted, century)",Whole (17g),Water,4.34,g
,"Egg, goose, white, raw",EGG AND EGG PRODUCTS,"Others (eg turtle eggs, egg substitutes)",1 portion (94.34g),Water,82.26,g
,"Egg, goose, whole, raw",EGG AND EGG PRODUCTS,"Others (eg turtle eggs, egg substitutes)",Whole (165.5g),Water,114.69,g
,"Egg, goose, yolk, raw",EGG AND EGG PRODUCTS,"Others (eg turtle eggs, egg substitutes)",1 portion (49.66g),Water,24.88,g
,"Egg, hen, poached",EGG AND EGG PRODUCTS,Hen eggs,Whole (50g),Water,37.55,g
,"Egg, hen, scrambled with whole milk, butter and pepper",EGG AND EGG PRODUCTS,Hen eggs,Tablespoon (20.55g),Water,15.0,g
,"Egg, hen, white, hard boiled",EGG AND EGG PRODUCTS,Hen eggs,Whole (29g),Water,25.32,g
,"Egg, hen, white, raw",EGG AND EGG PRODUCTS,Hen eggs,Whole (32g),Water,28.16,g
,"Egg, hen, whole, hard boiled",EGG AND EGG PRODUCTS,Hen eggs,Whole (55g),Water,40.87,g
,"Egg, hen, whole, raw",EGG AND EGG PRODUCTS,Hen eggs,Whole (53g),Water,39.27,g
,"Egg, hen, yolk, hard boiled",EGG AND EGG PRODUCTS,Hen eggs,Whole (17g),Water,8.42,g
,"Egg, hen, yolk, raw",EGG AND EGG PRODUCTS,Hen eggs,Whole (12g),Water,6.11,g
,"Egg, quail, whole, raw",EGG AND EGG PRODUCTS,Quail eggs,Whole (12g),Water,8.93,g
,"Egg, turtle, white, raw",EGG AND EGG PRODUCTS,"Others (eg turtle eggs, egg substitutes)",Whole (15g),Water,14.76,g
,"Egg, turtle, whole, raw",EGG AND EGG PRODUCTS,"Others (eg turtle eggs, egg substitutes)",Whole (39g),Water,30.62,g
,"Egg, turtle, yolk, raw",EGG AND EGG PRODUCTS,"Others (eg turtle eggs, egg substitutes)",Whole (20g),Water,10.36,g
,Eggs benedict,EGG AND EGG PRODUCTS,Hen eggs,Plate-23cm (291g),Water,168.78,g
,Hong kong egglets,EGG AND EGG PRODUCTS,Hen eggs,Piece (141g),Water,33.42,g
,"Omelette, plain",EGG AND EGG PRODUCTS,Hen eggs,1 portion (24g),Water,17.4,g
,"Omelette, yolk free egg mix, pan fried in butter",EGG AND EGG PRODUCTS,"Others (eg turtle eggs, egg substitutes)",1 portion (120g),Water,85.56,g
,Egg powder,EGG AND EGG PRODUCTS,"Others (eg turtle eggs, egg substitutes)",Gram (1g),Zinc,0.02,mg
,"Egg white, dried",EGG AND EGG PRODUCTS,Hen eggs,Gram (1g),Zinc,0.0,mg
,"Egg, duck, whole, raw",EGG AND EGG PRODUCTS,"Duck eggs (eg salted, century)",Whole (73g),Zinc,1.24,mg
,"Egg, duck, whole, salted",EGG AND EGG PRODUCTS,"Duck eggs (eg salted, century)",Whole (67.3g),Zinc,1.14,mg
,"Egg, duck, yolk, raw",EGG AND EGG PRODUCTS,"Duck eggs (eg salted, century)",Whole (31g),Zinc,0.96,mg
,"Egg, duck, yolk, salted",EGG AND EGG PRODUCTS,"Duck eggs (eg salted, century)",Whole (17g),Zinc,0.53,mg
,"Egg, goose, white, raw",EGG AND EGG PRODUCTS,"Others (eg turtle eggs, egg substitutes)",1 portion (94.34g),Zinc,0.09,mg
,"Egg, goose, whole, raw",EGG AND EGG PRODUCTS,"Others (eg turtle eggs, egg substitutes)",Whole (165.5g),Zinc,2.32,mg
,"Egg, goose, yolk, raw",EGG AND EGG PRODUCTS,"Others (eg turtle eggs, egg substitutes)",1 portion (49.66g),Zinc,0.79,mg
,"Egg, hen, poached",EGG AND EGG PRODUCTS,Hen eggs,Whole (50g),Zinc,0.6,mg
,"Egg, hen, scrambled with whole milk, butter and pepper",EGG AND EGG PRODUCTS,Hen eggs,Tablespoon (20.55g),Zinc,0.16,mg
,"Egg, hen, white, hard boiled",EGG AND EGG PRODUCTS,Hen eggs,Whole (29g),Zinc,0.0,mg
,"Egg, hen, white, raw",EGG AND EGG PRODUCTS,Hen eggs,Whole (32g),Zinc,0.03,mg
,"Egg, hen, whole, hard boiled",EGG AND EGG PRODUCTS,Hen eggs,Whole (55g),Zinc,0.5,mg
,"Egg, hen, whole, raw",EGG AND EGG PRODUCTS,Hen eggs,Whole (53g),Zinc,0.69,mg
,"Egg, hen, yolk, hard boiled",EGG AND EGG PRODUCTS,Hen eggs,Whole (17g),Zinc,0.46,mg
,"Egg, hen, yolk, raw",EGG AND EGG PRODUCTS,Hen eggs,Whole (12g),Zinc,0.47,mg
,"Egg, quail, whole, raw",EGG AND EGG PRODUCTS,Quail eggs,Whole (12g),Zinc,0.18,mg
,"Omelette, plain",EGG AND EGG PRODUCTS,Hen eggs,1 portion (24g),Zinc,0.19,mg
,"Omelette, yolk free egg mix, pan fried in butter",EGG AND EGG PRODUCTS,"Others (eg turtle eggs, egg substitutes)",1 portion (120g),Zinc,0.36,mg
