Unnamed: 0,Food Name,Food Group,Food Sub Group,Per Serving Household Measure,Nutrient Name,Nutrient Amount,Nutrient Unit
,"Butter and canola oil spread, reduced fat (44%) and salt",OILS AND FATS,"Animal fat (incl butter, ghee, lard, drippings, tallow etc)",Teaspoon (5g),,,
,"Butter, salted",OILS AND FATS,"Animal fat (incl butter, ghee, lard, drippings, tallow etc)",Tablespoon (25g),,,
,"Butter, unsalted",OILS AND FATS,"Animal fat (incl butter, ghee, lard, drippings, tallow etc)",Teaspoon (6g),,,
,"Dripping, beef",OILS AND FATS,"Animal fat (incl butter, ghee, lard, drippings, tallow etc)",Tablespoon (15g),,,
,Ghee,OILS AND FATS,"Animal fat (incl butter, ghee, lard, drippings, tallow etc)",Tablespoon (25g),,,
,"Margarine spread, monounsaturated",OILS AND FATS,Soft margarine,Teaspoon (5g),,,
,"Margarine spread, monounsaturated, reduced fat, reduced salt",OILS AND FATS,Soft margarine,Teaspoon (5g),,,
,"Margarine spread, monounsaturated, reduced salt",OILS AND FATS,Soft margarine,Teaspoon (5g),,,
,"Margarine spread, polyunsaturated",OILS AND FATS,Soft margarine,Teaspoon (5g),,,
,"Margarine spread, polyunsaturated, reduced fat, reduced salt",OILS AND FATS,Soft margarine,Teaspoon (5g),,,
,"Margarine spread, polyunsaturated, reduced salt",OILS AND FATS,Soft margarine,Teaspoon (5g),,,
,"Margarine, cooking",OILS AND FATS,Hard margarine,Tablespoon (15g),,,
,"Margarine, non-chilled",OILS AND FATS,Soft margarine,Tablespoon (15g),,,
,"Oil, MUFA, unspecified type",OILS AND FATS,Seed oils,Tablespoon (12g),,,
,"Oil, PUFA, unspecified type",OILS AND FATS,Seed oils,Tablespoon (12g),,,
,"Oil, SFA, unspecificed type",OILS AND FATS,Seed oils,Tablespoon (12g),,,
,"Oil, blended",OILS AND FATS,Seed oils,Tablespoon (15g),,,
,"Oil, canola",OILS AND FATS,Seed oils,Tablespoon (15g),,,
,"Oil, chilli",OILS AND FATS,Seed oils,Tablespoon (15g),,,
,"Oil, coconut",OILS AND FATS,Seed oils,Tablespoon (12g),,,
,"Oil, corn",OILS AND FATS,Seed oils,Tablespoon (15g),,,
,"Oil, grapeseed",OILS AND FATS,Seed oils,Tablespoon (18g),,,
,"Oil, olive",OILS AND FATS,Seed oils,Tablespoon (15g),,,
,"Oil, palm crude",OILS AND FATS,Seed oils,Tablespoon (15g),,,
,"Oil, palm olein",OILS AND FATS,Seed oils,Tablespoon (15g),,,
,"Oil, peanut",OILS AND FATS,Seed oils,Tablespoon (15g),,,
,"Oil, polyunsaturated, blended",OILS AND FATS,Seed oils,Tablespoon (15g),,,
,"Oil, safflower",OILS AND FATS,Seed oils,Tablespoon (15g),,,
,"Oil, sesame",OILS AND FATS,Seed oils,Tablespoon (15g),,,
,"Oil, soya bean",OILS AND FATS,Seed oils,Tablespoon (15g),,,
,"Oil, sunflower",OILS AND FATS,Seed oils,Tablespoon (15g),,,
,Salmon Oil,OILS AND FATS,"Animal fat (incl butter, ghee, lard, drippings, tallow etc)",Tablespoon (13.6g),,,
,Vanaspati,OILS AND FATS,Hard margarine,Tablespoon (13g),,,
,Vegetable shortening,OILS AND FATS,Soft margarine,Tablespoon (13g),,,
,"Butter and canola oil spread, reduced fat (44%) and salt",OILS AND FATS,"Animal fat (incl butter, ghee, lard, drippings, tallow etc)",Teaspoon (5g),ALA,0.01,g
,"Butter, salted",OILS AND FATS,"Animal fat (incl butter, ghee, lard, drippings, tallow etc)",Tablespoon (25g),ALA,0.1,g
,"Butter, unsalted",OILS AND FATS,"Animal fat (incl butter, ghee, lard, drippings, tallow etc)",Teaspoon (6g),ALA,0.02,g
,"Dripping, beef",OILS AND FATS,"Animal fat (incl butter, ghee, lard, drippings, tallow etc)",Tablespoon (15g),ALA,0.11,g
,Ghee,OILS AND FATS,"Animal fat (incl butter, ghee, lard, drippings, tallow etc)",Tablespoon (25g),ALA,0.17,g
,"Margarine spread, monounsaturated",OILS AND FATS,Soft margarine,Teaspoon (5g),ALA,0.25,g
,"Margarine spread, monounsaturated, reduced fat, reduced salt",OILS AND FATS,Soft margarine,Teaspoon (5g),ALA,0.2,g
,"Margarine spread, monounsaturated, reduced salt",OILS AND FATS,Soft margarine,Teaspoon (5g),ALA,0.24,g
,"Margarine spread, polyunsaturated",OILS AND FATS,Soft margarine,Teaspoon (5g),ALA,0.1,g
,"Margarine spread, polyunsaturated, reduced fat, reduced salt",OILS AND FATS,Soft margarine,Teaspoon (5g),ALA,0.06,g
,"Margarine spread, polyunsaturated, reduced salt",OILS AND FATS,Soft margarine,Teaspoon (5g),ALA,0.08,g
,"Margarine, cooking",OILS AND FATS,Hard margarine,Tablespoon (15g),ALA,0.1,g
,"Oil, MUFA, unspecified type",OILS AND FATS,Seed oils,Tablespoon (12g),ALA,1.09,g
,"Oil, canola",OILS AND FATS,Seed oils,Tablespoon (15g),ALA,1.25,g
,"Oil, corn",OILS AND FATS,Seed oils,Tablespoon (15g),ALA,0.11,g
,"Oil, grapeseed",OILS AND FATS,Seed oils,Tablespoon (18g),ALA,0.05,g
,"Oil, olive",OILS AND FATS,Seed oils,Tablespoon (15g),ALA,0.06,g
,"Oil, palm olein",OILS AND FATS,Seed oils,Tablespoon (15g),ALA,0.03,g
,"Oil, peanut",OILS AND FATS,Seed oils,Tablespoon (15g),ALA,0.04,g
,"Oil, polyunsaturated, blended",OILS AND FATS,Seed oils,Tablespoon (15g),ALA,0.65,g
,"Oil, safflower",OILS AND FATS,Seed oils,Tablespoon (15g),ALA,0.04,g
,"Oil, sesame",OILS AND FATS,Seed oils,Tablespoon (15g),ALA,0.07,g
,"Oil, soya bean",OILS AND FATS,Seed oils,Tablespoon (15g),ALA,0.99,g
,"Oil, sunflower",OILS AND FATS,Seed oils,Tablespoon (15g),ALA,0.04,g
,"Butter and canola oil spread, reduced fat (44%) and salt",OILS AND FATS,"Animal fat (incl butter, ghee, lard, drippings, tallow etc)",Teaspoon (5g),B-Carotene,24.75,mcg
,"Butter, salted",OILS AND FATS,"Animal fat (incl butter, ghee, lard, drippings, tallow etc)",Tablespoon (25g),B-Carotene,139.0,mcg
,"Butter, unsalted",OILS AND FATS,"Animal fat (incl butter, ghee, lard, drippings, tallow etc)",Teaspoon (6g),B-Carotene,41.1,mcg
,"Dripping, beef",OILS AND FATS,"Animal fat (incl butter, ghee, lard, drippings, tallow etc)",Tablespoon (15g),B-Carotene,3.45,mcg
,Ghee,OILS AND FATS,"Animal fat (incl butter, ghee, lard, drippings, tallow etc)",Tablespoon (25g),B-Carotene,120.0,mcg
,"Margarine spread, monounsaturated",OILS AND FATS,Soft margarine,Teaspoon (5g),B-Carotene,32.5,mcg
,"Margarine spread, monounsaturated, reduced fat, reduced salt",OILS AND FATS,Soft margarine,Teaspoon (5g),B-Carotene,31.25,mcg
,"Margarine spread, monounsaturated, reduced salt",OILS AND FATS,Soft margarine,Teaspoon (5g),B-Carotene,32.5,mcg
,"Margarine spread, polyunsaturated",OILS AND FATS,Soft margarine,Teaspoon (5g),B-Carotene,32.5,mcg
,"Margarine spread, polyunsaturated, reduced fat, reduced salt",OILS AND FATS,Soft margarine,Teaspoon (5g),B-Carotene,31.25,mcg
,"Margarine spread, polyunsaturated, reduced salt",OILS AND FATS,Soft margarine,Teaspoon (5g),B-Carotene,32.5,mcg
,"Margarine, cooking",OILS AND FATS,Hard margarine,Tablespoon (15g),B-Carotene,94.5,mcg
,"Margarine, non-chilled",OILS AND FATS,Soft margarine,Tablespoon (15g),B-Carotene,0.0,mcg
,"Oil, MUFA, unspecified type",OILS AND FATS,Seed oils,Tablespoon (12g),B-Carotene,0.0,mcg
,"Oil, PUFA, unspecified type",OILS AND FATS,Seed oils,Tablespoon (12g),B-Carotene,0.0,mcg
,"Oil, SFA, unspecificed type",OILS AND FATS,Seed oils,Tablespoon (12g),B-Carotene,36.06,mcg
,"Oil, blended",OILS AND FATS,Seed oils,Tablespoon (15g),B-Carotene,0.0,mcg
,"Oil, canola",OILS AND FATS,Seed oils,Tablespoon (15g),B-Carotene,0.0,mcg
,"Oil, corn",OILS AND FATS,Seed oils,Tablespoon (15g),B-Carotene,0.0,mcg
,"Oil, grapeseed",OILS AND FATS,Seed oils,Tablespoon (18g),B-Carotene,0.0,mcg
,"Oil, olive",OILS AND FATS,Seed oils,Tablespoon (15g),B-Carotene,1.95,mcg
,"Oil, palm crude",OILS AND FATS,Seed oils,Tablespoon (15g),B-Carotene,8565.0,mcg
,"Oil, palm olein",OILS AND FATS,Seed oils,Tablespoon (15g),B-Carotene,0.0,mcg
,"Oil, peanut",OILS AND FATS,Seed oils,Tablespoon (15g),B-Carotene,0.0,mcg
,"Oil, polyunsaturated, blended",OILS AND FATS,Seed oils,Tablespoon (15g),B-Carotene,0.0,mcg
,"Oil, safflower",OILS AND FATS,Seed oils,Tablespoon (15g),B-Carotene,0.0,mcg
,"Oil, sesame",OILS AND FATS,Seed oils,Tablespoon (15g),B-Carotene,0.0,mcg
,"Oil, soya bean",OILS AND FATS,Seed oils,Tablespoon (15g),B-Carotene,0.0,mcg
,"Oil, sunflower",OILS AND FATS,Seed oils,Tablespoon (15g),B-Carotene,0.0,mcg
,Salmon Oil,OILS AND FATS,"Animal fat (incl butter, ghee, lard, drippings, tallow etc)",Tablespoon (13.6g),B-Carotene,0.0,mcg
,Vanaspati,OILS AND FATS,Hard margarine,Tablespoon (13g),B-Carotene,68.64,mcg
,Vegetable shortening,OILS AND FATS,Soft margarine,Tablespoon (13g),B-Carotene,0.0,mcg
,"Butter and canola oil spread, reduced fat (44%) and salt",OILS AND FATS,"Animal fat (incl butter, ghee, lard, drippings, tallow etc)",Teaspoon (5g),Calcium,0.3,mg
,"Butter, salted",OILS AND FATS,"Animal fat (incl butter, ghee, lard, drippings, tallow etc)",Tablespoon (25g),Calcium,4.5,mg
,"Butter, unsalted",OILS AND FATS,"Animal fat (incl butter, ghee, lard, drippings, tallow etc)",Teaspoon (6g),Calcium,1.02,mg
,"Dripping, beef",OILS AND FATS,"Animal fat (incl butter, ghee, lard, drippings, tallow etc)",Tablespoon (15g),Calcium,0.0,mg
,Ghee,OILS AND FATS,"Animal fat (incl butter, ghee, lard, drippings, tallow etc)",Tablespoon (25g),Calcium,1.0,mg
,"Margarine spread, monounsaturated",OILS AND FATS,Soft margarine,Teaspoon (5g),Calcium,0.1,mg
,"Margarine spread, monounsaturated, reduced fat, reduced salt",OILS AND FATS,Soft margarine,Teaspoon (5g),Calcium,0.0,mg
,"Margarine spread, monounsaturated, reduced salt",OILS AND FATS,Soft margarine,Teaspoon (5g),Calcium,0.1,mg
,"Margarine spread, polyunsaturated",OILS AND FATS,Soft margarine,Teaspoon (5g),Calcium,0.1,mg
,"Margarine spread, polyunsaturated, reduced fat, reduced salt",OILS AND FATS,Soft margarine,Teaspoon (5g),Calcium,0.1,mg
,"Margarine spread, polyunsaturated, reduced salt",OILS AND FATS,Soft margarine,Teaspoon (5g),Calcium,0.1,mg
,"Margarine, cooking",OILS AND FATS,Hard margarine,Tablespoon (15g),Calcium,1.65,mg
,"Margarine, non-chilled",OILS AND FATS,Soft margarine,Tablespoon (15g),Calcium,0.15,mg
,"Oil, MUFA, unspecified type",OILS AND FATS,Seed oils,Tablespoon (12g),Calcium,0.56,mg
,"Oil, PUFA, unspecified type",OILS AND FATS,Seed oils,Tablespoon (12g),Calcium,0.24,mg
,"Oil, SFA, unspecificed type",OILS AND FATS,Seed oils,Tablespoon (12g),Calcium,1.56,mg
,"Oil, blended",OILS AND FATS,Seed oils,Tablespoon (15g),Calcium,0.0,mg
,"Oil, canola",OILS AND FATS,Seed oils,Tablespoon (15g),Calcium,0.0,mg
,"Oil, chilli",OILS AND FATS,Seed oils,Tablespoon (15g),Calcium,0.0,mg
,"Oil, coconut",OILS AND FATS,Seed oils,Tablespoon (12g),Calcium,0.12,mg
,"Oil, corn",OILS AND FATS,Seed oils,Tablespoon (15g),Calcium,0.0,mg
,"Oil, grapeseed",OILS AND FATS,Seed oils,Tablespoon (18g),Calcium,0.0,mg
,"Oil, olive",OILS AND FATS,Seed oils,Tablespoon (15g),Calcium,0.0,mg
,"Oil, palm crude",OILS AND FATS,Seed oils,Tablespoon (15g),Calcium,0.0,mg
,"Oil, palm olein",OILS AND FATS,Seed oils,Tablespoon (15g),Calcium,0.6,mg
,"Oil, peanut",OILS AND FATS,Seed oils,Tablespoon (15g),Calcium,0.0,mg
,"Oil, polyunsaturated, blended",OILS AND FATS,Seed oils,Tablespoon (15g),Calcium,0.0,mg
,"Oil, safflower",OILS AND FATS,Seed oils,Tablespoon (15g),Calcium,0.0,mg
,"Oil, sesame",OILS AND FATS,Seed oils,Tablespoon (15g),Calcium,1.35,mg
,"Oil, soya bean",OILS AND FATS,Seed oils,Tablespoon (15g),Calcium,0.0,mg
,"Oil, sunflower",OILS AND FATS,Seed oils,Tablespoon (15g),Calcium,0.0,mg
,Salmon Oil,OILS AND FATS,"Animal fat (incl butter, ghee, lard, drippings, tallow etc)",Tablespoon (13.6g),Calcium,0.0,mg
,Vanaspati,OILS AND FATS,Hard margarine,Tablespoon (13g),Calcium,0.78,mg
,Vegetable shortening,OILS AND FATS,Soft margarine,Tablespoon (13g),Calcium,0.0,mg
,"Butter and canola oil spread, reduced fat (44%) and salt",OILS AND FATS,"Animal fat (incl butter, ghee, lard, drippings, tallow etc)",Teaspoon (5g),Carbohydrate,0.01,g
,"Butter, salted",OILS AND FATS,"Animal fat (incl butter, ghee, lard, drippings, tallow etc)",Tablespoon (25g),Carbohydrate,0.18,g
,"Butter, unsalted",OILS AND FATS,"Animal fat (incl butter, ghee, lard, drippings, tallow etc)",Teaspoon (6g),Carbohydrate,0.04,g
,"Dripping, beef",OILS AND FATS,"Animal fat (incl butter, ghee, lard, drippings, tallow etc)",Tablespoon (15g),Carbohydrate,0.0,g
,Ghee,OILS AND FATS,"Animal fat (incl butter, ghee, lard, drippings, tallow etc)",Tablespoon (25g),Carbohydrate,0.0,g
,"Margarine spread, monounsaturated",OILS AND FATS,Soft margarine,Teaspoon (5g),Carbohydrate,0.03,g
,"Margarine spread, monounsaturated, reduced fat, reduced salt",OILS AND FATS,Soft margarine,Teaspoon (5g),Carbohydrate,0.03,g
,"Margarine spread, monounsaturated, reduced salt",OILS AND FATS,Soft margarine,Teaspoon (5g),Carbohydrate,0.03,g
,"Margarine spread, polyunsaturated",OILS AND FATS,Soft margarine,Teaspoon (5g),Carbohydrate,0.03,g
,"Margarine spread, polyunsaturated, reduced fat, reduced salt",OILS AND FATS,Soft margarine,Teaspoon (5g),Carbohydrate,0.03,g
,"Margarine spread, polyunsaturated, reduced salt",OILS AND FATS,Soft margarine,Teaspoon (5g),Carbohydrate,0.03,g
,"Margarine, cooking",OILS AND FATS,Hard margarine,Tablespoon (15g),Carbohydrate,0.12,g
,"Margarine, non-chilled",OILS AND FATS,Soft margarine,Tablespoon (15g),Carbohydrate,0.0,g
,"Oil, MUFA, unspecified type",OILS AND FATS,Seed oils,Tablespoon (12g),Carbohydrate,0.0,g
,"Oil, PUFA, unspecified type",OILS AND FATS,Seed oils,Tablespoon (12g),Carbohydrate,0.0,g
,"Oil, SFA, unspecificed type",OILS AND FATS,Seed oils,Tablespoon (12g),Carbohydrate,0.0,g
,"Oil, blended",OILS AND FATS,Seed oils,Tablespoon (15g),Carbohydrate,0.0,g
,"Oil, canola",OILS AND FATS,Seed oils,Tablespoon (15g),Carbohydrate,0.0,g
,"Oil, chilli",OILS AND FATS,Seed oils,Tablespoon (15g),Carbohydrate,0.0,g
,"Oil, coconut",OILS AND FATS,Seed oils,Tablespoon (12g),Carbohydrate,0.0,g
,"Oil, corn",OILS AND FATS,Seed oils,Tablespoon (15g),Carbohydrate,0.0,g
,"Oil, grapeseed",OILS AND FATS,Seed oils,Tablespoon (18g),Carbohydrate,0.0,g
,"Oil, olive",OILS AND FATS,Seed oils,Tablespoon (15g),Carbohydrate,0.0,g
,"Oil, palm crude",OILS AND FATS,Seed oils,Tablespoon (15g),Carbohydrate,0.0,g
,"Oil, palm olein",OILS AND FATS,Seed oils,Tablespoon (15g),Carbohydrate,0.0,g
,"Oil, peanut",OILS AND FATS,Seed oils,Tablespoon (15g),Carbohydrate,0.0,g
,"Oil, polyunsaturated, blended",OILS AND FATS,Seed oils,Tablespoon (15g),Carbohydrate,0.0,g
,"Oil, safflower",OILS AND FATS,Seed oils,Tablespoon (15g),Carbohydrate,0.0,g
,"Oil, sesame",OILS AND FATS,Seed oils,Tablespoon (15g),Carbohydrate,0.0,g
,"Oil, soya bean",OILS AND FATS,Seed oils,Tablespoon (15g),Carbohydrate,0.0,g
,"Oil, sunflower",OILS AND FATS,Seed oils,Tablespoon (15g),Carbohydrate,0.0,g
,Salmon Oil,OILS AND FATS,"Animal fat (incl butter, ghee, lard, drippings, tallow etc)",Tablespoon (13.6g),Carbohydrate,0.0,g
,Vanaspati,OILS AND FATS,Hard margarine,Tablespoon (13g),Carbohydrate,0.0,g
,Vegetable shortening,OILS AND FATS,Soft margarine,Tablespoon (13g),Carbohydrate,0.0,g
,"Butter and canola oil spread, reduced fat (44%) and salt",OILS AND FATS,"Animal fat (incl butter, ghee, lard, drippings, tallow etc)",Teaspoon (5g),Cholesterol,6.0,mg
,"Butter, salted",OILS AND FATS,"Animal fat (incl butter, ghee, lard, drippings, tallow etc)",Tablespoon (25g),Cholesterol,57.0,mg
,"Butter, unsalted",OILS AND FATS,"Animal fat (incl butter, ghee, lard, drippings, tallow etc)",Teaspoon (6g),Cholesterol,15.12,mg
,"Dripping, beef",OILS AND FATS,"Animal fat (incl butter, ghee, lard, drippings, tallow etc)",Tablespoon (15g),Cholesterol,13.5,mg
,Ghee,OILS AND FATS,"Animal fat (incl butter, ghee, lard, drippings, tallow etc)",Tablespoon (25g),Cholesterol,72.5,mg
,"Margarine spread, monounsaturated",OILS AND FATS,Soft margarine,Teaspoon (5g),Cholesterol,0.0,mg
,"Margarine spread, monounsaturated, reduced fat, reduced salt",OILS AND FATS,Soft margarine,Teaspoon (5g),Cholesterol,0.0,mg
,"Margarine spread, monounsaturated, reduced salt",OILS AND FATS,Soft margarine,Teaspoon (5g),Cholesterol,0.0,mg
,"Margarine spread, polyunsaturated",OILS AND FATS,Soft margarine,Teaspoon (5g),Cholesterol,0.0,mg
,"Margarine spread, polyunsaturated, reduced fat, reduced salt",OILS AND FATS,Soft margarine,Teaspoon (5g),Cholesterol,0.0,mg
,"Margarine spread, polyunsaturated, reduced salt",OILS AND FATS,Soft margarine,Teaspoon (5g),Cholesterol,0.0,mg
,"Margarine, cooking",OILS AND FATS,Hard margarine,Tablespoon (15g),Cholesterol,13.95,mg
,"Margarine, non-chilled",OILS AND FATS,Soft margarine,Tablespoon (15g),Cholesterol,0.0,mg
,"Oil, MUFA, unspecified type",OILS AND FATS,Seed oils,Tablespoon (12g),Cholesterol,0.0,mg
,"Oil, PUFA, unspecified type",OILS AND FATS,Seed oils,Tablespoon (12g),Cholesterol,0.0,mg
,"Oil, SFA, unspecificed type",OILS AND FATS,Seed oils,Tablespoon (12g),Cholesterol,15.36,mg
,"Oil, blended",OILS AND FATS,Seed oils,Tablespoon (15g),Cholesterol,0.0,mg
,"Oil, canola",OILS AND FATS,Seed oils,Tablespoon (15g),Cholesterol,0.0,mg
,"Oil, chilli",OILS AND FATS,Seed oils,Tablespoon (15g),Cholesterol,0.0,mg
,"Oil, corn",OILS AND FATS,Seed oils,Tablespoon (15g),Cholesterol,0.0,mg
,"Oil, grapeseed",OILS AND FATS,Seed oils,Tablespoon (18g),Cholesterol,0.0,mg
,"Oil, olive",OILS AND FATS,Seed oils,Tablespoon (15g),Cholesterol,0.0,mg
,"Oil, palm crude",OILS AND FATS,Seed oils,Tablespoon (15g),Cholesterol,0.0,mg
,"Oil, palm olein",OILS AND FATS,Seed oils,Tablespoon (15g),Cholesterol,0.0,mg
,"Oil, peanut",OILS AND FATS,Seed oils,Tablespoon (15g),Cholesterol,0.0,mg
,"Oil, polyunsaturated, blended",OILS AND FATS,Seed oils,Tablespoon (15g),Cholesterol,0.0,mg
,"Oil, safflower",OILS AND FATS,Seed oils,Tablespoon (15g),Cholesterol,0.0,mg
,"Oil, sesame",OILS AND FATS,Seed oils,Tablespoon (15g),Cholesterol,0.0,mg
,"Oil, soya bean",OILS AND FATS,Seed oils,Tablespoon (15g),Cholesterol,0.0,mg
,"Oil, sunflower",OILS AND FATS,Seed oils,Tablespoon (15g),Cholesterol,0.0,mg
,Salmon Oil,OILS AND FATS,"Animal fat (incl butter, ghee, lard, drippings, tallow etc)",Tablespoon (13.6g),Cholesterol,65.96,mg
,Vegetable shortening,OILS AND FATS,Soft margarine,Tablespoon (13g),Cholesterol,0.0,mg
,"Butter and canola oil spread, reduced fat (44%) and salt",OILS AND FATS,"Animal fat (incl butter, ghee, lard, drippings, tallow etc)",Teaspoon (5g),Dietary fibre,0.0,g
,"Butter, salted",OILS AND FATS,"Animal fat (incl butter, ghee, lard, drippings, tallow etc)",Tablespoon (25g),Dietary fibre,0.0,g
,"Butter, unsalted",OILS AND FATS,"Animal fat (incl butter, ghee, lard, drippings, tallow etc)",Teaspoon (6g),Dietary fibre,0.0,g
,"Dripping, beef",OILS AND FATS,"Animal fat (incl butter, ghee, lard, drippings, tallow etc)",Tablespoon (15g),Dietary fibre,0.0,g
,Ghee,OILS AND FATS,"Animal fat (incl butter, ghee, lard, drippings, tallow etc)",Tablespoon (25g),Dietary fibre,0.0,g
,"Margarine spread, monounsaturated",OILS AND FATS,Soft margarine,Teaspoon (5g),Dietary fibre,0.0,g
,"Margarine spread, monounsaturated, reduced fat, reduced salt",OILS AND FATS,Soft margarine,Teaspoon (5g),Dietary fibre,0.0,g
,"Margarine spread, monounsaturated, reduced salt",OILS AND FATS,Soft margarine,Teaspoon (5g),Dietary fibre,0.0,g
,"Margarine spread, polyunsaturated",OILS AND FATS,Soft margarine,Teaspoon (5g),Dietary fibre,0.0,g
,"Margarine spread, polyunsaturated, reduced fat, reduced salt",OILS AND FATS,Soft margarine,Teaspoon (5g),Dietary fibre,0.0,g
,"Margarine spread, polyunsaturated, reduced salt",OILS AND FATS,Soft margarine,Teaspoon (5g),Dietary fibre,0.0,g
,"Margarine, cooking",OILS AND FATS,Hard margarine,Tablespoon (15g),Dietary fibre,0.0,g
,"Margarine, non-chilled",OILS AND FATS,Soft margarine,Tablespoon (15g),Dietary fibre,0.0,g
,"Oil, MUFA, unspecified type",OILS AND FATS,Seed oils,Tablespoon (12g),Dietary fibre,0.0,g
,"Oil, PUFA, unspecified type",OILS AND FATS,Seed oils,Tablespoon (12g),Dietary fibre,0.0,g
,"Oil, SFA, unspecificed type",OILS AND FATS,Seed oils,Tablespoon (12g),Dietary fibre,0.0,g
,"Oil, blended",OILS AND FATS,Seed oils,Tablespoon (15g),Dietary fibre,0.0,g
,"Oil, canola",OILS AND FATS,Seed oils,Tablespoon (15g),Dietary fibre,0.0,g
,"Oil, chilli",OILS AND FATS,Seed oils,Tablespoon (15g),Dietary fibre,0.0,g
,"Oil, coconut",OILS AND FATS,Seed oils,Tablespoon (12g),Dietary fibre,0.0,g
,"Oil, corn",OILS AND FATS,Seed oils,Tablespoon (15g),Dietary fibre,0.0,g
,"Oil, grapeseed",OILS AND FATS,Seed oils,Tablespoon (18g),Dietary fibre,0.0,g
,"Oil, olive",OILS AND FATS,Seed oils,Tablespoon (15g),Dietary fibre,0.0,g
,"Oil, palm crude",OILS AND FATS,Seed oils,Tablespoon (15g),Dietary fibre,0.0,g
,"Oil, palm olein",OILS AND FATS,Seed oils,Tablespoon (15g),Dietary fibre,0.0,g
,"Oil, peanut",OILS AND FATS,Seed oils,Tablespoon (15g),Dietary fibre,0.0,g
,"Oil, polyunsaturated, blended",OILS AND FATS,Seed oils,Tablespoon (15g),Dietary fibre,0.0,g
,"Oil, safflower",OILS AND FATS,Seed oils,Tablespoon (15g),Dietary fibre,0.0,g
,"Oil, sesame",OILS AND FATS,Seed oils,Tablespoon (15g),Dietary fibre,0.0,g
,"Oil, soya bean",OILS AND FATS,Seed oils,Tablespoon (15g),Dietary fibre,0.0,g
,"Oil, sunflower",OILS AND FATS,Seed oils,Tablespoon (15g),Dietary fibre,0.0,g
,Salmon Oil,OILS AND FATS,"Animal fat (incl butter, ghee, lard, drippings, tallow etc)",Tablespoon (13.6g),Dietary fibre,0.0,g
,Vanaspati,OILS AND FATS,Hard margarine,Tablespoon (13g),Dietary fibre,0.0,g
,Vegetable shortening,OILS AND FATS,Soft margarine,Tablespoon (13g),Dietary fibre,0.0,g
,Salmon Oil,OILS AND FATS,"Animal fat (incl butter, ghee, lard, drippings, tallow etc)",Tablespoon (13.6g),EPA+DHA,425.07,mg
,"Butter and canola oil spread, reduced fat (44%) and salt",OILS AND FATS,"Animal fat (incl butter, ghee, lard, drippings, tallow etc)",Teaspoon (5g),Energy,20.49,kcal
,"Butter, salted",OILS AND FATS,"Animal fat (incl butter, ghee, lard, drippings, tallow etc)",Tablespoon (25g),Energy,180.2,kcal
,"Butter, unsalted",OILS AND FATS,"Animal fat (incl butter, ghee, lard, drippings, tallow etc)",Teaspoon (6g),Energy,44.5,kcal
,"Dripping, beef",OILS AND FATS,"Animal fat (incl butter, ghee, lard, drippings, tallow etc)",Tablespoon (15g),Energy,132.88,kcal
,Ghee,OILS AND FATS,"Animal fat (incl butter, ghee, lard, drippings, tallow etc)",Tablespoon (25g),Energy,221.35,kcal
,"Margarine spread, monounsaturated",OILS AND FATS,Soft margarine,Teaspoon (5g),Energy,31.0,kcal
,"Margarine spread, monounsaturated, reduced fat, reduced salt",OILS AND FATS,Soft margarine,Teaspoon (5g),Energy,104.95,kcal
,"Margarine spread, monounsaturated, reduced salt",OILS AND FATS,Soft margarine,Teaspoon (5g),Energy,31.0,kcal
,"Margarine spread, polyunsaturated",OILS AND FATS,Soft margarine,Teaspoon (5g),Energy,30.9,kcal
,"Margarine spread, polyunsaturated, reduced fat, reduced salt",OILS AND FATS,Soft margarine,Teaspoon (5g),Energy,26.7,kcal
,"Margarine spread, polyunsaturated, reduced salt",OILS AND FATS,Soft margarine,Teaspoon (5g),Energy,30.9,kcal
,"Margarine, cooking",OILS AND FATS,Hard margarine,Tablespoon (15g),Energy,107.05,kcal
,"Margarine, non-chilled",OILS AND FATS,Soft margarine,Tablespoon (15g),Energy,114.15,kcal
,"Oil, MUFA, unspecified type",OILS AND FATS,Seed oils,Tablespoon (12g),Energy,106.44,kcal
,"Oil, PUFA, unspecified type",OILS AND FATS,Seed oils,Tablespoon (12g),Energy,106.2,kcal
,"Oil, SFA, unspecificed type",OILS AND FATS,Seed oils,Tablespoon (12g),Energy,107.58,kcal
,"Oil, blended",OILS AND FATS,Seed oils,Tablespoon (15g),Energy,135.0,kcal
,"Oil, canola",OILS AND FATS,Seed oils,Tablespoon (15g),Energy,135.0,kcal
,"Oil, chilli",OILS AND FATS,Seed oils,Tablespoon (15g),Energy,67.5,kcal
,"Oil, coconut",OILS AND FATS,Seed oils,Tablespoon (12g),Energy,107.04,kcal
,"Oil, corn",OILS AND FATS,Seed oils,Tablespoon (15g),Energy,132.78,kcal
,"Oil, grapeseed",OILS AND FATS,Seed oils,Tablespoon (18g),Energy,159.12,kcal
,"Oil, olive",OILS AND FATS,Seed oils,Tablespoon (15g),Energy,135.0,kcal
,"Oil, palm crude",OILS AND FATS,Seed oils,Tablespoon (15g),Energy,135.0,kcal
,"Oil, palm olein",OILS AND FATS,Seed oils,Tablespoon (15g),Energy,135.0,kcal
,"Oil, peanut",OILS AND FATS,Seed oils,Tablespoon (15g),Energy,132.78,kcal
,"Oil, polyunsaturated, blended",OILS AND FATS,Seed oils,Tablespoon (15g),Energy,135.0,kcal
,"Oil, safflower",OILS AND FATS,Seed oils,Tablespoon (15g),Energy,132.78,kcal
,"Oil, sesame",OILS AND FATS,Seed oils,Tablespoon (15g),Energy,135.0,kcal
,"Oil, soya bean",OILS AND FATS,Seed oils,Tablespoon (15g),Energy,132.78,kcal
,"Oil, sunflower",OILS AND FATS,Seed oils,Tablespoon (15g),Energy,132.78,kcal
,Salmon Oil,OILS AND FATS,"Animal fat (incl butter, ghee, lard, drippings, tallow etc)",Tablespoon (13.6g),Energy,122.67,kcal
,Vanaspati,OILS AND FATS,Hard margarine,Tablespoon (13g),Energy,117.01,kcal
,Vegetable shortening,OILS AND FATS,Soft margarine,Tablespoon (13g),Energy,114.92,kcal
,"Butter and canola oil spread, reduced fat (44%) and salt",OILS AND FATS,"Animal fat (incl butter, ghee, lard, drippings, tallow etc)",Teaspoon (5g),Iron,0.01,mg
,"Butter, salted",OILS AND FATS,"Animal fat (incl butter, ghee, lard, drippings, tallow etc)",Tablespoon (25g),Iron,0.0,mg
,"Butter, unsalted",OILS AND FATS,"Animal fat (incl butter, ghee, lard, drippings, tallow etc)",Teaspoon (6g),Iron,0.0,mg
,"Dripping, beef",OILS AND FATS,"Animal fat (incl butter, ghee, lard, drippings, tallow etc)",Tablespoon (15g),Iron,0.0,mg
,Ghee,OILS AND FATS,"Animal fat (incl butter, ghee, lard, drippings, tallow etc)",Tablespoon (25g),Iron,0.0,mg
,"Margarine spread, monounsaturated",OILS AND FATS,Soft margarine,Teaspoon (5g),Iron,0.0,mg
,"Margarine spread, monounsaturated, reduced fat, reduced salt",OILS AND FATS,Soft margarine,Teaspoon (5g),Iron,0.0,mg
,"Margarine spread, monounsaturated, reduced salt",OILS AND FATS,Soft margarine,Teaspoon (5g),Iron,0.0,mg
,"Margarine spread, polyunsaturated",OILS AND FATS,Soft margarine,Teaspoon (5g),Iron,0.0,mg
,"Margarine spread, polyunsaturated, reduced fat, reduced salt",OILS AND FATS,Soft margarine,Teaspoon (5g),Iron,0.0,mg
,"Margarine spread, polyunsaturated, reduced salt",OILS AND FATS,Soft margarine,Teaspoon (5g),Iron,0.0,mg
,"Margarine, cooking",OILS AND FATS,Hard margarine,Tablespoon (15g),Iron,0.0,mg
,"Margarine, non-chilled",OILS AND FATS,Soft margarine,Tablespoon (15g),Iron,0.0,mg
,"Oil, MUFA, unspecified type",OILS AND FATS,Seed oils,Tablespoon (12g),Iron,0.05,mg
,"Oil, PUFA, unspecified type",OILS AND FATS,Seed oils,Tablespoon (12g),Iron,0.02,mg
,"Oil, SFA, unspecificed type",OILS AND FATS,Seed oils,Tablespoon (12g),Iron,0.14,mg
,"Oil, blended",OILS AND FATS,Seed oils,Tablespoon (15g),Iron,0.12,mg
,"Oil, canola",OILS AND FATS,Seed oils,Tablespoon (15g),Iron,0.0,mg
,"Oil, chilli",OILS AND FATS,Seed oils,Tablespoon (15g),Iron,0.0,mg
,"Oil, coconut",OILS AND FATS,Seed oils,Tablespoon (12g),Iron,0.01,mg
,"Oil, corn",OILS AND FATS,Seed oils,Tablespoon (15g),Iron,0.0,mg
,"Oil, grapeseed",OILS AND FATS,Seed oils,Tablespoon (18g),Iron,0.0,mg
,"Oil, olive",OILS AND FATS,Seed oils,Tablespoon (15g),Iron,0.0,mg
,"Oil, palm crude",OILS AND FATS,Seed oils,Tablespoon (15g),Iron,0.0,mg
,"Oil, palm olein",OILS AND FATS,Seed oils,Tablespoon (15g),Iron,0.0,mg
,"Oil, peanut",OILS AND FATS,Seed oils,Tablespoon (15g),Iron,0.02,mg
,"Oil, polyunsaturated, blended",OILS AND FATS,Seed oils,Tablespoon (15g),Iron,0.0,mg
,"Oil, safflower",OILS AND FATS,Seed oils,Tablespoon (15g),Iron,0.0,mg
,"Oil, sesame",OILS AND FATS,Seed oils,Tablespoon (15g),Iron,0.0,mg
,"Oil, soya bean",OILS AND FATS,Seed oils,Tablespoon (15g),Iron,0.0,mg
,"Oil, sunflower",OILS AND FATS,Seed oils,Tablespoon (15g),Iron,0.0,mg
,Salmon Oil,OILS AND FATS,"Animal fat (incl butter, ghee, lard, drippings, tallow etc)",Tablespoon (13.6g),Iron,0.0,mg
,Vanaspati,OILS AND FATS,Hard margarine,Tablespoon (13g),Iron,0.09,mg
,Vegetable shortening,OILS AND FATS,Soft margarine,Tablespoon (13g),Iron,0.0,mg
,"Butter and canola oil spread, reduced fat (44%) and salt",OILS AND FATS,"Animal fat (incl butter, ghee, lard, drippings, tallow etc)",Teaspoon (5g),Monounsaturated fat,0.74,g
,"Butter, salted",OILS AND FATS,"Animal fat (incl butter, ghee, lard, drippings, tallow etc)",Tablespoon (25g),Monounsaturated fat,5.28,g
,"Butter, unsalted",OILS AND FATS,"Animal fat (incl butter, ghee, lard, drippings, tallow etc)",Teaspoon (6g),Monounsaturated fat,1.31,g
,"Dripping, beef",OILS AND FATS,"Animal fat (incl butter, ghee, lard, drippings, tallow etc)",Tablespoon (15g),Monounsaturated fat,6.11,g
,Ghee,OILS AND FATS,"Animal fat (incl butter, ghee, lard, drippings, tallow etc)",Tablespoon (25g),Monounsaturated fat,6.85,g
,"Margarine spread, monounsaturated",OILS AND FATS,Soft margarine,Teaspoon (5g),Monounsaturated fat,1.82,g
,"Margarine spread, monounsaturated, reduced fat, reduced salt",OILS AND FATS,Soft margarine,Teaspoon (5g),Monounsaturated fat,1.47,g
,"Margarine spread, monounsaturated, reduced salt",OILS AND FATS,Soft margarine,Teaspoon (5g),Monounsaturated fat,1.82,g
,"Margarine spread, polyunsaturated",OILS AND FATS,Soft margarine,Teaspoon (5g),Monounsaturated fat,1.02,g
,"Margarine spread, polyunsaturated, reduced fat, reduced salt",OILS AND FATS,Soft margarine,Teaspoon (5g),Monounsaturated fat,0.88,g
,"Margarine spread, polyunsaturated, reduced salt",OILS AND FATS,Soft margarine,Teaspoon (5g),Monounsaturated fat,1.02,g
,"Margarine, cooking",OILS AND FATS,Hard margarine,Tablespoon (15g),Monounsaturated fat,5.19,g
,"Margarine, non-chilled",OILS AND FATS,Soft margarine,Tablespoon (15g),Monounsaturated fat,3.97,g
,"Oil, MUFA, unspecified type",OILS AND FATS,Seed oils,Tablespoon (12g),Monounsaturated fat,7.23,g
,"Oil, PUFA, unspecified type",OILS AND FATS,Seed oils,Tablespoon (12g),Monounsaturated fat,2.38,g
,"Oil, SFA, unspecificed type",OILS AND FATS,Seed oils,Tablespoon (12g),Monounsaturated fat,2.89,g
,"Oil, blended",OILS AND FATS,Seed oils,Tablespoon (15g),Monounsaturated fat,6.86,g
,"Oil, canola",OILS AND FATS,Seed oils,Tablespoon (15g),Monounsaturated fat,9.14,g
,"Oil, chilli",OILS AND FATS,Seed oils,Tablespoon (15g),Monounsaturated fat,5.21,g
,"Oil, coconut",OILS AND FATS,Seed oils,Tablespoon (12g),Monounsaturated fat,0.76,g
,"Oil, corn",OILS AND FATS,Seed oils,Tablespoon (15g),Monounsaturated fat,4.11,g
,"Oil, grapeseed",OILS AND FATS,Seed oils,Tablespoon (18g),Monounsaturated fat,3.6,g
,"Oil, olive",OILS AND FATS,Seed oils,Tablespoon (15g),Monounsaturated fat,10.88,g
,"Oil, palm crude",OILS AND FATS,Seed oils,Tablespoon (15g),Monounsaturated fat,6.24,g
,"Oil, palm olein",OILS AND FATS,Seed oils,Tablespoon (15g),Monounsaturated fat,6.24,g
,"Oil, peanut",OILS AND FATS,Seed oils,Tablespoon (15g),Monounsaturated fat,6.59,g
,"Oil, polyunsaturated, blended",OILS AND FATS,Seed oils,Tablespoon (15g),Monounsaturated fat,4.49,g
,"Oil, safflower",OILS AND FATS,Seed oils,Tablespoon (15g),Monounsaturated fat,2.04,g
,"Oil, sesame",OILS AND FATS,Seed oils,Tablespoon (15g),Monounsaturated fat,5.6,g
,"Oil, soya bean",OILS AND FATS,Seed oils,Tablespoon (15g),Monounsaturated fat,2.78,g
,"Oil, sunflower",OILS AND FATS,Seed oils,Tablespoon (15g),Monounsaturated fat,3.77,g
,Salmon Oil,OILS AND FATS,"Animal fat (incl butter, ghee, lard, drippings, tallow etc)",Tablespoon (13.6g),Monounsaturated fat,3.94,g
,Vegetable shortening,OILS AND FATS,Soft margarine,Tablespoon (13g),Monounsaturated fat,5.79,g
,"Butter and canola oil spread, reduced fat (44%) and salt",OILS AND FATS,"Animal fat (incl butter, ghee, lard, drippings, tallow etc)",Teaspoon (5g),Nitrogen,0.03,g
,"Butter, salted",OILS AND FATS,"Animal fat (incl butter, ghee, lard, drippings, tallow etc)",Tablespoon (25g),Nitrogen,0.03,g
,"Butter, unsalted",OILS AND FATS,"Animal fat (incl butter, ghee, lard, drippings, tallow etc)",Teaspoon (6g),Nitrogen,0.01,g
,"Dripping, beef",OILS AND FATS,"Animal fat (incl butter, ghee, lard, drippings, tallow etc)",Tablespoon (15g),Nitrogen,0.0,g
,Ghee,OILS AND FATS,"Animal fat (incl butter, ghee, lard, drippings, tallow etc)",Tablespoon (25g),Nitrogen,0.01,g
,"Margarine spread, monounsaturated",OILS AND FATS,Soft margarine,Teaspoon (5g),Nitrogen,0.0,g
,"Margarine spread, monounsaturated, reduced fat, reduced salt",OILS AND FATS,Soft margarine,Teaspoon (5g),Nitrogen,0.0,g
,"Margarine spread, monounsaturated, reduced salt",OILS AND FATS,Soft margarine,Teaspoon (5g),Nitrogen,0.0,g
,"Margarine spread, polyunsaturated",OILS AND FATS,Soft margarine,Teaspoon (5g),Nitrogen,0.0,g
,"Margarine spread, polyunsaturated, reduced fat, reduced salt",OILS AND FATS,Soft margarine,Teaspoon (5g),Nitrogen,0.0,g
,"Margarine spread, polyunsaturated, reduced salt",OILS AND FATS,Soft margarine,Teaspoon (5g),Nitrogen,0.0,g
,"Margarine, cooking",OILS AND FATS,Hard margarine,Tablespoon (15g),Nitrogen,0.01,g
,"Margarine, non-chilled",OILS AND FATS,Soft margarine,Tablespoon (15g),Nitrogen,0.0,g
,"Oil, MUFA, unspecified type",OILS AND FATS,Seed oils,Tablespoon (12g),Nitrogen,0.0,g
,"Oil, PUFA, unspecified type",OILS AND FATS,Seed oils,Tablespoon (12g),Nitrogen,0.0,g
,"Oil, SFA, unspecificed type",OILS AND FATS,Seed oils,Tablespoon (12g),Nitrogen,0.01,g
,"Oil, blended",OILS AND FATS,Seed oils,Tablespoon (15g),Nitrogen,0.0,g
,"Oil, canola",OILS AND FATS,Seed oils,Tablespoon (15g),Nitrogen,0.0,g
,"Oil, chilli",OILS AND FATS,Seed oils,Tablespoon (15g),Nitrogen,0.0,g
,"Oil, coconut",OILS AND FATS,Seed oils,Tablespoon (12g),Nitrogen,0.0,g
,"Oil, corn",OILS AND FATS,Seed oils,Tablespoon (15g),Nitrogen,0.0,g
,"Oil, grapeseed",OILS AND FATS,Seed oils,Tablespoon (18g),Nitrogen,0.0,g
,"Oil, olive",OILS AND FATS,Seed oils,Tablespoon (15g),Nitrogen,0.0,g
,"Oil, palm crude",OILS AND FATS,Seed oils,Tablespoon (15g),Nitrogen,0.0,g
,"Oil, palm olein",OILS AND FATS,Seed oils,Tablespoon (15g),Nitrogen,0.0,g
,"Oil, peanut",OILS AND FATS,Seed oils,Tablespoon (15g),Nitrogen,0.0,g
,"Oil, polyunsaturated, blended",OILS AND FATS,Seed oils,Tablespoon (15g),Nitrogen,0.0,g
,"Oil, safflower",OILS AND FATS,Seed oils,Tablespoon (15g),Nitrogen,0.0,g
,"Oil, sesame",OILS AND FATS,Seed oils,Tablespoon (15g),Nitrogen,0.0,g
,"Oil, soya bean",OILS AND FATS,Seed oils,Tablespoon (15g),Nitrogen,0.0,g
,"Oil, sunflower",OILS AND FATS,Seed oils,Tablespoon (15g),Nitrogen,0.0,g
,Salmon Oil,OILS AND FATS,"Animal fat (incl butter, ghee, lard, drippings, tallow etc)",Tablespoon (13.6g),Nitrogen,0.0,g
,Vanaspati,OILS AND FATS,Hard margarine,Tablespoon (13g),Nitrogen,0.0,g
,Vegetable shortening,OILS AND FATS,Soft margarine,Tablespoon (13g),Nitrogen,0.0,g
,"Butter and canola oil spread, reduced fat (44%) and salt",OILS AND FATS,"Animal fat (incl butter, ghee, lard, drippings, tallow etc)",Teaspoon (5g),Phosphorus,1.3,mg
,"Butter, salted",OILS AND FATS,"Animal fat (incl butter, ghee, lard, drippings, tallow etc)",Tablespoon (25g),Phosphorus,4.0,mg
,"Butter, unsalted",OILS AND FATS,"Animal fat (incl butter, ghee, lard, drippings, tallow etc)",Teaspoon (6g),Phosphorus,1.14,mg
,"Dripping, beef",OILS AND FATS,"Animal fat (incl butter, ghee, lard, drippings, tallow etc)",Tablespoon (15g),Phosphorus,0.0,mg
,Ghee,OILS AND FATS,"Animal fat (incl butter, ghee, lard, drippings, tallow etc)",Tablespoon (25g),Phosphorus,0.75,mg
,"Margarine spread, monounsaturated",OILS AND FATS,Soft margarine,Teaspoon (5g),Phosphorus,0.15,mg
,"Margarine spread, monounsaturated, reduced fat, reduced salt",OILS AND FATS,Soft margarine,Teaspoon (5g),Phosphorus,0.15,mg
,"Margarine spread, monounsaturated, reduced salt",OILS AND FATS,Soft margarine,Teaspoon (5g),Phosphorus,0.15,mg
,"Margarine spread, polyunsaturated",OILS AND FATS,Soft margarine,Teaspoon (5g),Phosphorus,0.15,mg
,"Margarine spread, polyunsaturated, reduced fat, reduced salt",OILS AND FATS,Soft margarine,Teaspoon (5g),Phosphorus,0.15,mg
,"Margarine spread, polyunsaturated, reduced salt",OILS AND FATS,Soft margarine,Teaspoon (5g),Phosphorus,0.15,mg
,"Margarine, cooking",OILS AND FATS,Hard margarine,Tablespoon (15g),Phosphorus,2.55,mg
,"Margarine, non-chilled",OILS AND FATS,Soft margarine,Tablespoon (15g),Phosphorus,0.45,mg
,"Oil, MUFA, unspecified type",OILS AND FATS,Seed oils,Tablespoon (12g),Phosphorus,0.0,mg
,"Oil, PUFA, unspecified type",OILS AND FATS,Seed oils,Tablespoon (12g),Phosphorus,0.0,mg
,"Oil, SFA, unspecificed type",OILS AND FATS,Seed oils,Tablespoon (12g),Phosphorus,0.0,mg
,"Oil, canola",OILS AND FATS,Seed oils,Tablespoon (15g),Phosphorus,0.0,mg
,"Oil, chilli",OILS AND FATS,Seed oils,Tablespoon (15g),Phosphorus,0.0,mg
,"Oil, coconut",OILS AND FATS,Seed oils,Tablespoon (12g),Phosphorus,0.0,mg
,"Oil, corn",OILS AND FATS,Seed oils,Tablespoon (15g),Phosphorus,0.0,mg
,"Oil, grapeseed",OILS AND FATS,Seed oils,Tablespoon (18g),Phosphorus,0.0,mg
,"Oil, olive",OILS AND FATS,Seed oils,Tablespoon (15g),Phosphorus,0.15,mg
,"Oil, palm crude",OILS AND FATS,Seed oils,Tablespoon (15g),Phosphorus,0.0,mg
,"Oil, palm olein",OILS AND FATS,Seed oils,Tablespoon (15g),Phosphorus,0.0,mg
,"Oil, peanut",OILS AND FATS,Seed oils,Tablespoon (15g),Phosphorus,0.45,mg
,"Oil, polyunsaturated, blended",OILS AND FATS,Seed oils,Tablespoon (15g),Phosphorus,0.0,mg
,"Oil, safflower",OILS AND FATS,Seed oils,Tablespoon (15g),Phosphorus,0.0,mg
,"Oil, sesame",OILS AND FATS,Seed oils,Tablespoon (15g),Phosphorus,0.0,mg
,"Oil, soya bean",OILS AND FATS,Seed oils,Tablespoon (15g),Phosphorus,0.0,mg
,"Oil, sunflower",OILS AND FATS,Seed oils,Tablespoon (15g),Phosphorus,0.0,mg
,Salmon Oil,OILS AND FATS,"Animal fat (incl butter, ghee, lard, drippings, tallow etc)",Tablespoon (13.6g),Phosphorus,0.0,mg
,Vanaspati,OILS AND FATS,Hard margarine,Tablespoon (13g),Phosphorus,0.0,mg
,Vegetable shortening,OILS AND FATS,Soft margarine,Tablespoon (13g),Phosphorus,0.0,mg
,"Butter and canola oil spread, reduced fat (44%) and salt",OILS AND FATS,"Animal fat (incl butter, ghee, lard, drippings, tallow etc)",Teaspoon (5g),Polyunsaturated fat,0.23,g
,"Butter, salted",OILS AND FATS,"Animal fat (incl butter, ghee, lard, drippings, tallow etc)",Tablespoon (25g),Polyunsaturated fat,0.6,g
,"Butter, unsalted",OILS AND FATS,"Animal fat (incl butter, ghee, lard, drippings, tallow etc)",Teaspoon (6g),Polyunsaturated fat,0.15,g
,"Dripping, beef",OILS AND FATS,"Animal fat (incl butter, ghee, lard, drippings, tallow etc)",Tablespoon (15g),Polyunsaturated fat,0.42,g
,Ghee,OILS AND FATS,"Animal fat (incl butter, ghee, lard, drippings, tallow etc)",Tablespoon (25g),Polyunsaturated fat,0.5,g
,"Margarine spread, monounsaturated",OILS AND FATS,Soft margarine,Teaspoon (5g),Polyunsaturated fat,0.79,g
,"Margarine spread, monounsaturated, reduced fat, reduced salt",OILS AND FATS,Soft margarine,Teaspoon (5g),Polyunsaturated fat,0.64,g
,"Margarine spread, monounsaturated, reduced salt",OILS AND FATS,Soft margarine,Teaspoon (5g),Polyunsaturated fat,0.79,g
,"Margarine spread, polyunsaturated",OILS AND FATS,Soft margarine,Teaspoon (5g),Polyunsaturated fat,1.5,g
,"Margarine spread, polyunsaturated, reduced fat, reduced salt",OILS AND FATS,Soft margarine,Teaspoon (5g),Polyunsaturated fat,1.3,g
,"Margarine spread, polyunsaturated, reduced salt",OILS AND FATS,Soft margarine,Teaspoon (5g),Polyunsaturated fat,1.5,g
,"Margarine, cooking",OILS AND FATS,Hard margarine,Tablespoon (15g),Polyunsaturated fat,0.96,g
,"Margarine, non-chilled",OILS AND FATS,Soft margarine,Tablespoon (15g),Polyunsaturated fat,0.89,g
,"Oil, MUFA, unspecified type",OILS AND FATS,Seed oils,Tablespoon (12g),Polyunsaturated fat,2.72,g
,"Oil, PUFA, unspecified type",OILS AND FATS,Seed oils,Tablespoon (12g),Polyunsaturated fat,7.31,g
,"Oil, SFA, unspecificed type",OILS AND FATS,Seed oils,Tablespoon (12g),Polyunsaturated fat,0.28,g
,"Oil, blended",OILS AND FATS,Seed oils,Tablespoon (15g),Polyunsaturated fat,1.98,g
,"Oil, canola",OILS AND FATS,Seed oils,Tablespoon (15g),Polyunsaturated fat,4.13,g
,"Oil, chilli",OILS AND FATS,Seed oils,Tablespoon (15g),Polyunsaturated fat,3.99,g
,"Oil, coconut",OILS AND FATS,Seed oils,Tablespoon (12g),Polyunsaturated fat,0.2,g
,"Oil, corn",OILS AND FATS,Seed oils,Tablespoon (15g),Polyunsaturated fat,8.24,g
,"Oil, grapeseed",OILS AND FATS,Seed oils,Tablespoon (18g),Polyunsaturated fat,11.54,g
,"Oil, olive",OILS AND FATS,Seed oils,Tablespoon (15g),Polyunsaturated fat,1.38,g
,"Oil, palm crude",OILS AND FATS,Seed oils,Tablespoon (15g),Polyunsaturated fat,1.25,g
,"Oil, palm olein",OILS AND FATS,Seed oils,Tablespoon (15g),Polyunsaturated fat,1.25,g
,"Oil, peanut",OILS AND FATS,Seed oils,Tablespoon (15g),Polyunsaturated fat,5.04,g
,"Oil, polyunsaturated, blended",OILS AND FATS,Seed oils,Tablespoon (15g),Polyunsaturated fat,8.16,g
,"Oil, safflower",OILS AND FATS,Seed oils,Tablespoon (15g),Polyunsaturated fat,10.89,g
,"Oil, sesame",OILS AND FATS,Seed oils,Tablespoon (15g),Polyunsaturated fat,6.59,g
,"Oil, soya bean",OILS AND FATS,Seed oils,Tablespoon (15g),Polyunsaturated fat,9.35,g
,"Oil, sunflower",OILS AND FATS,Seed oils,Tablespoon (15g),Polyunsaturated fat,8.97,g
,Salmon Oil,OILS AND FATS,"Animal fat (incl butter, ghee, lard, drippings, tallow etc)",Tablespoon (13.6g),Polyunsaturated fat,5.48,g
,Vegetable shortening,OILS AND FATS,Soft margarine,Tablespoon (13g),Polyunsaturated fat,3.39,g
,"Butter and canola oil spread, reduced fat (44%) and salt",OILS AND FATS,"Animal fat (incl butter, ghee, lard, drippings, tallow etc)",Teaspoon (5g),Potassium,2.45,mg
,"Butter, salted",OILS AND FATS,"Animal fat (incl butter, ghee, lard, drippings, tallow etc)",Tablespoon (25g),Potassium,5.5,mg
,"Butter, unsalted",OILS AND FATS,"Animal fat (incl butter, ghee, lard, drippings, tallow etc)",Teaspoon (6g),Potassium,1.32,mg
,"Dripping, beef",OILS AND FATS,"Animal fat (incl butter, ghee, lard, drippings, tallow etc)",Tablespoon (15g),Potassium,0.0,mg
,Ghee,OILS AND FATS,"Animal fat (incl butter, ghee, lard, drippings, tallow etc)",Tablespoon (25g),Potassium,1.25,mg
,"Margarine spread, monounsaturated",OILS AND FATS,Soft margarine,Teaspoon (5g),Potassium,0.85,mg
,"Margarine spread, monounsaturated, reduced fat, reduced salt",OILS AND FATS,Soft margarine,Teaspoon (5g),Potassium,0.85,mg
,"Margarine spread, monounsaturated, reduced salt",OILS AND FATS,Soft margarine,Teaspoon (5g),Potassium,0.85,mg
,"Margarine spread, polyunsaturated",OILS AND FATS,Soft margarine,Teaspoon (5g),Potassium,0.85,mg
,"Margarine spread, polyunsaturated, reduced fat, reduced salt",OILS AND FATS,Soft margarine,Teaspoon (5g),Potassium,0.85,mg
,"Margarine spread, polyunsaturated, reduced salt",OILS AND FATS,Soft margarine,Teaspoon (5g),Potassium,0.85,mg
,"Margarine, cooking",OILS AND FATS,Hard margarine,Tablespoon (15g),Potassium,4.95,mg
,"Margarine, non-chilled",OILS AND FATS,Soft margarine,Tablespoon (15g),Potassium,0.75,mg
,"Oil, MUFA, unspecified type",OILS AND FATS,Seed oils,Tablespoon (12g),Potassium,0.0,mg
,"Oil, PUFA, unspecified type",OILS AND FATS,Seed oils,Tablespoon (12g),Potassium,0.0,mg
,"Oil, SFA, unspecificed type",OILS AND FATS,Seed oils,Tablespoon (12g),Potassium,0.0,mg
,"Oil, canola",OILS AND FATS,Seed oils,Tablespoon (15g),Potassium,0.0,mg
,"Oil, chilli",OILS AND FATS,Seed oils,Tablespoon (15g),Potassium,0.0,mg
,"Oil, corn",OILS AND FATS,Seed oils,Tablespoon (15g),Potassium,0.0,mg
,"Oil, grapeseed",OILS AND FATS,Seed oils,Tablespoon (18g),Potassium,0.0,mg
,"Oil, olive",OILS AND FATS,Seed oils,Tablespoon (15g),Potassium,0.0,mg
,"Oil, palm crude",OILS AND FATS,Seed oils,Tablespoon (15g),Potassium,0.0,mg
,"Oil, palm olein",OILS AND FATS,Seed oils,Tablespoon (15g),Potassium,0.0,mg
,"Oil, peanut",OILS AND FATS,Seed oils,Tablespoon (15g),Potassium,0.0,mg
,"Oil, polyunsaturated, blended",OILS AND FATS,Seed oils,Tablespoon (15g),Potassium,0.0,mg
,"Oil, safflower",OILS AND FATS,Seed oils,Tablespoon (15g),Potassium,0.0,mg
,"Oil, sesame",OILS AND FATS,Seed oils,Tablespoon (15g),Potassium,2.7,mg
,"Oil, soya bean",OILS AND FATS,Seed oils,Tablespoon (15g),Potassium,0.0,mg
,"Oil, sunflower",OILS AND FATS,Seed oils,Tablespoon (15g),Potassium,0.0,mg
,Salmon Oil,OILS AND FATS,"Animal fat (incl butter, ghee, lard, drippings, tallow etc)",Tablespoon (13.6g),Potassium,0.0,mg
,Vanaspati,OILS AND FATS,Hard margarine,Tablespoon (13g),Potassium,0.0,mg
,Vegetable shortening,OILS AND FATS,Soft margarine,Tablespoon (13g),Potassium,0.0,mg
,"Butter and canola oil spread, reduced fat (44%) and salt",OILS AND FATS,"Animal fat (incl butter, ghee, lard, drippings, tallow etc)",Teaspoon (5g),Protein,0.21,g
,"Butter, salted",OILS AND FATS,"Animal fat (incl butter, ghee, lard, drippings, tallow etc)",Tablespoon (25g),Protein,0.18,g
,"Butter, unsalted",OILS AND FATS,"Animal fat (incl butter, ghee, lard, drippings, tallow etc)",Teaspoon (6g),Protein,0.04,g
,"Dripping, beef",OILS AND FATS,"Animal fat (incl butter, ghee, lard, drippings, tallow etc)",Tablespoon (15g),Protein,0.03,g
,Ghee,OILS AND FATS,"Animal fat (incl butter, ghee, lard, drippings, tallow etc)",Tablespoon (25g),Protein,0.08,g
,"Margarine spread, monounsaturated",OILS AND FATS,Soft margarine,Teaspoon (5g),Protein,0.02,g
,"Margarine spread, monounsaturated, reduced fat, reduced salt",OILS AND FATS,Soft margarine,Teaspoon (5g),Protein,0.02,g
,"Margarine spread, monounsaturated, reduced salt",OILS AND FATS,Soft margarine,Teaspoon (5g),Protein,0.02,g
,"Margarine spread, polyunsaturated",OILS AND FATS,Soft margarine,Teaspoon (5g),Protein,0.02,g
,"Margarine spread, polyunsaturated, reduced fat, reduced salt",OILS AND FATS,Soft margarine,Teaspoon (5g),Protein,0.02,g
,"Margarine spread, polyunsaturated, reduced salt",OILS AND FATS,Soft margarine,Teaspoon (5g),Protein,0.02,g
,"Margarine, cooking",OILS AND FATS,Hard margarine,Tablespoon (15g),Protein,0.09,g
,"Margarine, non-chilled",OILS AND FATS,Soft margarine,Tablespoon (15g),Protein,0.03,g
,"Oil, MUFA, unspecified type",OILS AND FATS,Seed oils,Tablespoon (12g),Protein,0.0,g
,"Oil, PUFA, unspecified type",OILS AND FATS,Seed oils,Tablespoon (12g),Protein,0.0,g
,"Oil, SFA, unspecificed type",OILS AND FATS,Seed oils,Tablespoon (12g),Protein,0.08,g
,"Oil, blended",OILS AND FATS,Seed oils,Tablespoon (15g),Protein,0.0,g
,"Oil, canola",OILS AND FATS,Seed oils,Tablespoon (15g),Protein,0.0,g
,"Oil, chilli",OILS AND FATS,Seed oils,Tablespoon (15g),Protein,0.0,g
,"Oil, coconut",OILS AND FATS,Seed oils,Tablespoon (12g),Protein,0.0,g
,"Oil, corn",OILS AND FATS,Seed oils,Tablespoon (15g),Protein,0.0,g
,"Oil, grapeseed",OILS AND FATS,Seed oils,Tablespoon (18g),Protein,0.0,g
,"Oil, olive",OILS AND FATS,Seed oils,Tablespoon (15g),Protein,0.0,g
,"Oil, palm crude",OILS AND FATS,Seed oils,Tablespoon (15g),Protein,0.0,g
,"Oil, palm olein",OILS AND FATS,Seed oils,Tablespoon (15g),Protein,0.0,g
,"Oil, peanut",OILS AND FATS,Seed oils,Tablespoon (15g),Protein,0.0,g
,"Oil, polyunsaturated, blended",OILS AND FATS,Seed oils,Tablespoon (15g),Protein,0.0,g
,"Oil, safflower",OILS AND FATS,Seed oils,Tablespoon (15g),Protein,0.0,g
,"Oil, sesame",OILS AND FATS,Seed oils,Tablespoon (15g),Protein,0.0,g
,"Oil, soya bean",OILS AND FATS,Seed oils,Tablespoon (15g),Protein,0.0,g
,"Oil, sunflower",OILS AND FATS,Seed oils,Tablespoon (15g),Protein,0.0,g
,Salmon Oil,OILS AND FATS,"Animal fat (incl butter, ghee, lard, drippings, tallow etc)",Tablespoon (13.6g),Protein,0.0,g
,Vanaspati,OILS AND FATS,Hard margarine,Tablespoon (13g),Protein,0.0,g
,Vegetable shortening,OILS AND FATS,Soft margarine,Tablespoon (13g),Protein,0.0,g
,"Butter and canola oil spread, reduced fat (44%) and salt",OILS AND FATS,"Animal fat (incl butter, ghee, lard, drippings, tallow etc)",Teaspoon (5g),Retinol,50.5,mcg
,"Butter, salted",OILS AND FATS,"Animal fat (incl butter, ghee, lard, drippings, tallow etc)",Tablespoon (25g),Retinol,228.75,mcg
,"Butter, unsalted",OILS AND FATS,"Animal fat (incl butter, ghee, lard, drippings, tallow etc)",Teaspoon (6g),Retinol,62.58,mcg
,"Dripping, beef",OILS AND FATS,"Animal fat (incl butter, ghee, lard, drippings, tallow etc)",Tablespoon (15g),Retinol,0.0,mg
,Ghee,OILS AND FATS,"Animal fat (incl butter, ghee, lard, drippings, tallow etc)",Tablespoon (25g),Retinol,215.0,mcg
,"Margarine spread, monounsaturated",OILS AND FATS,Soft margarine,Teaspoon (5g),Retinol,50.0,mcg
,"Margarine spread, monounsaturated, reduced fat, reduced salt",OILS AND FATS,Soft margarine,Teaspoon (5g),Retinol,50.0,mcg
,"Margarine spread, monounsaturated, reduced salt",OILS AND FATS,Soft margarine,Teaspoon (5g),Retinol,50.0,mcg
,"Margarine spread, polyunsaturated",OILS AND FATS,Soft margarine,Teaspoon (5g),Retinol,50.0,mcg
,"Margarine spread, polyunsaturated, reduced fat, reduced salt",OILS AND FATS,Soft margarine,Teaspoon (5g),Retinol,50.0,mcg
,"Margarine spread, polyunsaturated, reduced salt",OILS AND FATS,Soft margarine,Teaspoon (5g),Retinol,50.0,mcg
,"Margarine, cooking",OILS AND FATS,Hard margarine,Tablespoon (15g),Retinol,115.5,mcg
,"Margarine, non-chilled",OILS AND FATS,Soft margarine,Tablespoon (15g),Retinol,57.75,mg
,"Oil, MUFA, unspecified type",OILS AND FATS,Seed oils,Tablespoon (12g),Retinol,0.0,mcg
,"Oil, PUFA, unspecified type",OILS AND FATS,Seed oils,Tablespoon (12g),Retinol,0.0,mg
,"Oil, SFA, unspecificed type",OILS AND FATS,Seed oils,Tablespoon (12g),Retinol,38.82,mg
,"Oil, blended",OILS AND FATS,Seed oils,Tablespoon (15g),Retinol,0.0,mg
,"Oil, canola",OILS AND FATS,Seed oils,Tablespoon (15g),Retinol,0.0,mcg
,"Oil, chilli",OILS AND FATS,Seed oils,Tablespoon (15g),Retinol,0.0,mg
,"Oil, corn",OILS AND FATS,Seed oils,Tablespoon (15g),Retinol,0.0,mcg
,"Oil, grapeseed",OILS AND FATS,Seed oils,Tablespoon (18g),Retinol,0.0,mcg
,"Oil, olive",OILS AND FATS,Seed oils,Tablespoon (15g),Retinol,0.0,mcg
,"Oil, palm crude",OILS AND FATS,Seed oils,Tablespoon (15g),Retinol,0.0,mg
,"Oil, palm olein",OILS AND FATS,Seed oils,Tablespoon (15g),Retinol,0.0,mcg
,"Oil, peanut",OILS AND FATS,Seed oils,Tablespoon (15g),Retinol,0.0,mcg
,"Oil, polyunsaturated, blended",OILS AND FATS,Seed oils,Tablespoon (15g),Retinol,0.0,mcg
,"Oil, safflower",OILS AND FATS,Seed oils,Tablespoon (15g),Retinol,0.0,mcg
,"Oil, sesame",OILS AND FATS,Seed oils,Tablespoon (15g),Retinol,0.0,mcg
,"Oil, soya bean",OILS AND FATS,Seed oils,Tablespoon (15g),Retinol,0.0,mcg
,"Oil, sunflower",OILS AND FATS,Seed oils,Tablespoon (15g),Retinol,0.0,mcg
,Salmon Oil,OILS AND FATS,"Animal fat (incl butter, ghee, lard, drippings, tallow etc)",Tablespoon (13.6g),Retinol,0.0,mg
,Vanaspati,OILS AND FATS,Hard margarine,Tablespoon (13g),Retinol,22.36,mg
,Vegetable shortening,OILS AND FATS,Soft margarine,Tablespoon (13g),Retinol,0.0,mg
,"Butter and canola oil spread, reduced fat (44%) and salt",OILS AND FATS,"Animal fat (incl butter, ghee, lard, drippings, tallow etc)",Teaspoon (5g),Riboflavin,0.0,mg
,"Butter, salted",OILS AND FATS,"Animal fat (incl butter, ghee, lard, drippings, tallow etc)",Tablespoon (25g),Riboflavin,0.02,mg
,"Butter, unsalted",OILS AND FATS,"Animal fat (incl butter, ghee, lard, drippings, tallow etc)",Teaspoon (6g),Riboflavin,0.01,mg
,"Dripping, beef",OILS AND FATS,"Animal fat (incl butter, ghee, lard, drippings, tallow etc)",Tablespoon (15g),Riboflavin,0.0,mg
,Ghee,OILS AND FATS,"Animal fat (incl butter, ghee, lard, drippings, tallow etc)",Tablespoon (25g),Riboflavin,0.0,mg
,"Margarine spread, monounsaturated",OILS AND FATS,Soft margarine,Teaspoon (5g),Riboflavin,0.0,mg
,"Margarine spread, monounsaturated, reduced fat, reduced salt",OILS AND FATS,Soft margarine,Teaspoon (5g),Riboflavin,0.0,mg
,"Margarine spread, monounsaturated, reduced salt",OILS AND FATS,Soft margarine,Teaspoon (5g),Riboflavin,0.0,mg
,"Margarine spread, polyunsaturated",OILS AND FATS,Soft margarine,Teaspoon (5g),Riboflavin,0.0,mg
,"Margarine spread, polyunsaturated, reduced fat, reduced salt",OILS AND FATS,Soft margarine,Teaspoon (5g),Riboflavin,0.0,mg
,"Margarine spread, polyunsaturated, reduced salt",OILS AND FATS,Soft margarine,Teaspoon (5g),Riboflavin,0.0,mg
,"Margarine, cooking",OILS AND FATS,Hard margarine,Tablespoon (15g),Riboflavin,0.0,mg
,"Margarine, non-chilled",OILS AND FATS,Soft margarine,Tablespoon (15g),Riboflavin,0.38,mg
,"Oil, MUFA, unspecified type",OILS AND FATS,Seed oils,Tablespoon (12g),Riboflavin,0.0,mg
,"Oil, PUFA, unspecified type",OILS AND FATS,Seed oils,Tablespoon (12g),Riboflavin,0.0,mg
,"Oil, SFA, unspecificed type",OILS AND FATS,Seed oils,Tablespoon (12g),Riboflavin,0.0,mg
,"Oil, blended",OILS AND FATS,Seed oils,Tablespoon (15g),Riboflavin,0.0,mg
,"Oil, canola",OILS AND FATS,Seed oils,Tablespoon (15g),Riboflavin,0.0,mg
,"Oil, chilli",OILS AND FATS,Seed oils,Tablespoon (15g),Riboflavin,0.0,mg
,"Oil, corn",OILS AND FATS,Seed oils,Tablespoon (15g),Riboflavin,0.0,mg
,"Oil, grapeseed",OILS AND FATS,Seed oils,Tablespoon (18g),Riboflavin,0.0,mg
,"Oil, olive",OILS AND FATS,Seed oils,Tablespoon (15g),Riboflavin,0.0,mg
,"Oil, palm crude",OILS AND FATS,Seed oils,Tablespoon (15g),Riboflavin,0.0,mg
,"Oil, palm olein",OILS AND FATS,Seed oils,Tablespoon (15g),Riboflavin,0.0,mg
,"Oil, peanut",OILS AND FATS,Seed oils,Tablespoon (15g),Riboflavin,0.0,mg
,"Oil, polyunsaturated, blended",OILS AND FATS,Seed oils,Tablespoon (15g),Riboflavin,0.0,mg
,"Oil, safflower",OILS AND FATS,Seed oils,Tablespoon (15g),Riboflavin,0.0,mg
,"Oil, sesame",OILS AND FATS,Seed oils,Tablespoon (15g),Riboflavin,0.0,mg
,"Oil, soya bean",OILS AND FATS,Seed oils,Tablespoon (15g),Riboflavin,0.0,mg
,"Oil, sunflower",OILS AND FATS,Seed oils,Tablespoon (15g),Riboflavin,0.0,mg
,Salmon Oil,OILS AND FATS,"Animal fat (incl butter, ghee, lard, drippings, tallow etc)",Tablespoon (13.6g),Riboflavin,0.0,mg
,Vanaspati,OILS AND FATS,Hard margarine,Tablespoon (13g),Riboflavin,0.0,mg
,Vegetable shortening,OILS AND FATS,Soft margarine,Tablespoon (13g),Riboflavin,0.0,mg
,"Butter and canola oil spread, reduced fat (44%) and salt",OILS AND FATS,"Animal fat (incl butter, ghee, lard, drippings, tallow etc)",Teaspoon (5g),Saturated fat,1.17,g
,"Butter, salted",OILS AND FATS,"Animal fat (incl butter, ghee, lard, drippings, tallow etc)",Tablespoon (25g),Saturated fat,13.13,g
,"Butter, unsalted",OILS AND FATS,"Animal fat (incl butter, ghee, lard, drippings, tallow etc)",Teaspoon (6g),Saturated fat,3.25,g
,"Dripping, beef",OILS AND FATS,"Animal fat (incl butter, ghee, lard, drippings, tallow etc)",Tablespoon (15g),Saturated fat,7.82,g
,Ghee,OILS AND FATS,"Animal fat (incl butter, ghee, lard, drippings, tallow etc)",Tablespoon (25g),Saturated fat,16.3,g
,"Margarine spread, monounsaturated",OILS AND FATS,Soft margarine,Teaspoon (5g),Saturated fat,0.68,g
,"Margarine spread, monounsaturated, reduced fat, reduced salt",OILS AND FATS,Soft margarine,Teaspoon (5g),Saturated fat,0.55,g
,"Margarine spread, monounsaturated, reduced salt",OILS AND FATS,Soft margarine,Teaspoon (5g),Saturated fat,0.68,g
,"Margarine spread, polyunsaturated",OILS AND FATS,Soft margarine,Teaspoon (5g),Saturated fat,0.81,g
,"Margarine spread, polyunsaturated, reduced fat, reduced salt",OILS AND FATS,Soft margarine,Teaspoon (5g),Saturated fat,0.7,g
,"Margarine spread, polyunsaturated, reduced salt",OILS AND FATS,Soft margarine,Teaspoon (5g),Saturated fat,0.81,g
,"Margarine, cooking",OILS AND FATS,Hard margarine,Tablespoon (15g),Saturated fat,5.33,g
,"Margarine, non-chilled",OILS AND FATS,Soft margarine,Tablespoon (15g),Saturated fat,7.78,g
,"Oil, MUFA, unspecified type",OILS AND FATS,Seed oils,Tablespoon (12g),Saturated fat,1.5,g
,"Oil, PUFA, unspecified type",OILS AND FATS,Seed oils,Tablespoon (12g),Saturated fat,1.47,g
,"Oil, SFA, unspecificed type",OILS AND FATS,Seed oils,Tablespoon (12g),Saturated fat,7.18,g
,"Oil, blended",OILS AND FATS,Seed oils,Tablespoon (15g),Saturated fat,6.15,g
,"Oil, canola",OILS AND FATS,Seed oils,Tablespoon (15g),Saturated fat,1.08,g
,"Oil, chilli",OILS AND FATS,Seed oils,Tablespoon (15g),Saturated fat,5.54,g
,"Oil, coconut",OILS AND FATS,Seed oils,Tablespoon (12g),Saturated fat,9.9,g
,"Oil, corn",OILS AND FATS,Seed oils,Tablespoon (15g),Saturated fat,1.98,g
,"Oil, grapeseed",OILS AND FATS,Seed oils,Tablespoon (18g),Saturated fat,2.05,g
,"Oil, olive",OILS AND FATS,Seed oils,Tablespoon (15g),Saturated fat,2.12,g
,"Oil, palm crude",OILS AND FATS,Seed oils,Tablespoon (15g),Saturated fat,6.8,g
,"Oil, palm olein",OILS AND FATS,Seed oils,Tablespoon (15g),Saturated fat,6.8,g
,"Oil, peanut",OILS AND FATS,Seed oils,Tablespoon (15g),Saturated fat,2.72,g
,"Oil, polyunsaturated, blended",OILS AND FATS,Seed oils,Tablespoon (15g),Saturated fat,1.82,g
,"Oil, safflower",OILS AND FATS,Seed oils,Tablespoon (15g),Saturated fat,1.41,g
,"Oil, sesame",OILS AND FATS,Seed oils,Tablespoon (15g),Saturated fat,2.13,g
,"Oil, soya bean",OILS AND FATS,Seed oils,Tablespoon (15g),Saturated fat,2.21,g
,"Oil, sunflower",OILS AND FATS,Seed oils,Tablespoon (15g),Saturated fat,1.61,g
,Salmon Oil,OILS AND FATS,"Animal fat (incl butter, ghee, lard, drippings, tallow etc)",Tablespoon (13.6g),Saturated fat,2.71,g
,Vegetable shortening,OILS AND FATS,Soft margarine,Tablespoon (13g),Saturated fat,3.25,g
,"Butter and canola oil spread, reduced fat (44%) and salt",OILS AND FATS,"Animal fat (incl butter, ghee, lard, drippings, tallow etc)",Teaspoon (5g),Selenium,0.0,mcg
,"Butter, salted",OILS AND FATS,"Animal fat (incl butter, ghee, lard, drippings, tallow etc)",Tablespoon (25g),Selenium,0.13,mcg
,"Butter, unsalted",OILS AND FATS,"Animal fat (incl butter, ghee, lard, drippings, tallow etc)",Teaspoon (6g),Selenium,0.0,mcg
,"Dripping, beef",OILS AND FATS,"Animal fat (incl butter, ghee, lard, drippings, tallow etc)",Tablespoon (15g),Selenium,0.15,mcg
,Ghee,OILS AND FATS,"Animal fat (incl butter, ghee, lard, drippings, tallow etc)",Tablespoon (25g),Selenium,0.0,mcg
,"Margarine spread, monounsaturated",OILS AND FATS,Soft margarine,Teaspoon (5g),Selenium,0.0,mcg
,"Margarine spread, monounsaturated, reduced fat, reduced salt",OILS AND FATS,Soft margarine,Teaspoon (5g),Selenium,0.0,mcg
,"Margarine spread, monounsaturated, reduced salt",OILS AND FATS,Soft margarine,Teaspoon (5g),Selenium,0.0,mcg
,"Margarine spread, polyunsaturated",OILS AND FATS,Soft margarine,Teaspoon (5g),Selenium,0.0,mcg
,"Margarine spread, polyunsaturated, reduced fat, reduced salt",OILS AND FATS,Soft margarine,Teaspoon (5g),Selenium,0.0,mcg
,"Margarine spread, polyunsaturated, reduced salt",OILS AND FATS,Soft margarine,Teaspoon (5g),Selenium,0.0,mcg
,"Margarine, cooking",OILS AND FATS,Hard margarine,Tablespoon (15g),Selenium,0.0,mcg
,"Margarine, non-chilled",OILS AND FATS,Soft margarine,Tablespoon (15g),Selenium,1.95,mcg
,"Oil, MUFA, unspecified type",OILS AND FATS,Seed oils,Tablespoon (12g),Selenium,0.0,mcg
,"Oil, canola",OILS AND FATS,Seed oils,Tablespoon (15g),Selenium,0.0,mcg
,"Oil, chilli",OILS AND FATS,Seed oils,Tablespoon (15g),Selenium,0.0,mcg
,"Oil, corn",OILS AND FATS,Seed oils,Tablespoon (15g),Selenium,0.0,mcg
,"Oil, grapeseed",OILS AND FATS,Seed oils,Tablespoon (18g),Selenium,0.0,mcg
,"Oil, olive",OILS AND FATS,Seed oils,Tablespoon (15g),Selenium,0.0,mcg
,"Oil, palm olein",OILS AND FATS,Seed oils,Tablespoon (15g),Selenium,0.0,mcg
,"Oil, peanut",OILS AND FATS,Seed oils,Tablespoon (15g),Selenium,0.0,mcg
,"Oil, polyunsaturated, blended",OILS AND FATS,Seed oils,Tablespoon (15g),Selenium,0.0,mcg
,"Oil, safflower",OILS AND FATS,Seed oils,Tablespoon (15g),Selenium,0.0,mcg
,"Oil, sesame",OILS AND FATS,Seed oils,Tablespoon (15g),Selenium,0.0,mcg
,"Oil, soya bean",OILS AND FATS,Seed oils,Tablespoon (15g),Selenium,0.0,mcg
,"Oil, sunflower",OILS AND FATS,Seed oils,Tablespoon (15g),Selenium,0.0,mcg
,Salmon Oil,OILS AND FATS,"Animal fat (incl butter, ghee, lard, drippings, tallow etc)",Tablespoon (13.6g),Selenium,0.0,mcg
,Vegetable shortening,OILS AND FATS,Soft margarine,Tablespoon (13g),Selenium,0.0,mcg
,"Butter and canola oil spread, reduced fat (44%) and salt",OILS AND FATS,"Animal fat (incl butter, ghee, lard, drippings, tallow etc)",Teaspoon (5g),Sodium,18.0,mg
,"Butter, salted",OILS AND FATS,"Animal fat (incl butter, ghee, lard, drippings, tallow etc)",Tablespoon (25g),Sodium,152.5,mg
,"Butter, unsalted",OILS AND FATS,"Animal fat (incl butter, ghee, lard, drippings, tallow etc)",Teaspoon (6g),Sodium,0.6,mg
,"Dripping, beef",OILS AND FATS,"Animal fat (incl butter, ghee, lard, drippings, tallow etc)",Tablespoon (15g),Sodium,0.0,mg
,Ghee,OILS AND FATS,"Animal fat (incl butter, ghee, lard, drippings, tallow etc)",Tablespoon (25g),Sodium,0.5,mg
,"Margarine spread, monounsaturated",OILS AND FATS,Soft margarine,Teaspoon (5g),Sodium,39.0,mg
,"Margarine spread, monounsaturated, reduced fat, reduced salt",OILS AND FATS,Soft margarine,Teaspoon (5g),Sodium,13.35,mg
,"Margarine spread, monounsaturated, reduced salt",OILS AND FATS,Soft margarine,Teaspoon (5g),Sodium,13.35,mg
,"Margarine spread, polyunsaturated",OILS AND FATS,Soft margarine,Teaspoon (5g),Sodium,39.0,mg
,"Margarine spread, polyunsaturated, reduced fat, reduced salt",OILS AND FATS,Soft margarine,Teaspoon (5g),Sodium,13.35,mg
,"Margarine spread, polyunsaturated, reduced salt",OILS AND FATS,Soft margarine,Teaspoon (5g),Sodium,13.35,mg
,"Margarine, cooking",OILS AND FATS,Hard margarine,Tablespoon (15g),Sodium,169.5,mg
,"Margarine, non-chilled",OILS AND FATS,Soft margarine,Tablespoon (15g),Sodium,79.95,mg
,"Oil, MUFA, unspecified type",OILS AND FATS,Seed oils,Tablespoon (12g),Sodium,0.28,mg
,"Oil, PUFA, unspecified type",OILS AND FATS,Seed oils,Tablespoon (12g),Sodium,0.14,mg
,"Oil, SFA, unspecificed type",OILS AND FATS,Seed oils,Tablespoon (12g),Sodium,38.34,mg
,"Oil, blended",OILS AND FATS,Seed oils,Tablespoon (15g),Sodium,1.8,mg
,"Oil, canola",OILS AND FATS,Seed oils,Tablespoon (15g),Sodium,0.0,mg
,"Oil, chilli",OILS AND FATS,Seed oils,Tablespoon (15g),Sodium,0.0,mg
,"Oil, coconut",OILS AND FATS,Seed oils,Tablespoon (12g),Sodium,0.0,mg
,"Oil, corn",OILS AND FATS,Seed oils,Tablespoon (15g),Sodium,0.0,mg
,"Oil, grapeseed",OILS AND FATS,Seed oils,Tablespoon (18g),Sodium,0.0,mg
,"Oil, olive",OILS AND FATS,Seed oils,Tablespoon (15g),Sodium,0.0,mg
,"Oil, palm crude",OILS AND FATS,Seed oils,Tablespoon (15g),Sodium,0.0,mg
,"Oil, palm olein",OILS AND FATS,Seed oils,Tablespoon (15g),Sodium,0.75,mg
,"Oil, peanut",OILS AND FATS,Seed oils,Tablespoon (15g),Sodium,0.0,mg
,"Oil, polyunsaturated, blended",OILS AND FATS,Seed oils,Tablespoon (15g),Sodium,0.0,mg
,"Oil, safflower",OILS AND FATS,Seed oils,Tablespoon (15g),Sodium,0.0,mg
,"Oil, sesame",OILS AND FATS,Seed oils,Tablespoon (15g),Sodium,2.4,mg
,"Oil, soya bean",OILS AND FATS,Seed oils,Tablespoon (15g),Sodium,0.0,mg
,"Oil, sunflower",OILS AND FATS,Seed oils,Tablespoon (15g),Sodium,0.0,mg
,Salmon Oil,OILS AND FATS,"Animal fat (incl butter, ghee, lard, drippings, tallow etc)",Tablespoon (13.6g),Sodium,0.0,mg
,Vanaspati,OILS AND FATS,Hard margarine,Tablespoon (13g),Sodium,0.39,mg
,Vegetable shortening,OILS AND FATS,Soft margarine,Tablespoon (13g),Sodium,0.0,mg
,"Butter and canola oil spread, reduced fat (44%) and salt",OILS AND FATS,"Animal fat (incl butter, ghee, lard, drippings, tallow etc)",Teaspoon (5g),Starch,0.0,g
,"Butter, salted",OILS AND FATS,"Animal fat (incl butter, ghee, lard, drippings, tallow etc)",Tablespoon (25g),Starch,0.0,g
,"Butter, unsalted",OILS AND FATS,"Animal fat (incl butter, ghee, lard, drippings, tallow etc)",Teaspoon (6g),Starch,0.0,g
,"Dripping, beef",OILS AND FATS,"Animal fat (incl butter, ghee, lard, drippings, tallow etc)",Tablespoon (15g),Starch,0.0,g
,Ghee,OILS AND FATS,"Animal fat (incl butter, ghee, lard, drippings, tallow etc)",Tablespoon (25g),Starch,0.0,g
,"Margarine spread, monounsaturated",OILS AND FATS,Soft margarine,Teaspoon (5g),Starch,0.0,g
,"Margarine spread, monounsaturated, reduced fat, reduced salt",OILS AND FATS,Soft margarine,Teaspoon (5g),Starch,0.0,g
,"Margarine spread, monounsaturated, reduced salt",OILS AND FATS,Soft margarine,Teaspoon (5g),Starch,0.0,g
,"Margarine spread, polyunsaturated",OILS AND FATS,Soft margarine,Teaspoon (5g),Starch,0.0,g
,"Margarine spread, polyunsaturated, reduced fat, reduced salt",OILS AND FATS,Soft margarine,Teaspoon (5g),Starch,0.0,g
,"Margarine spread, polyunsaturated, reduced salt",OILS AND FATS,Soft margarine,Teaspoon (5g),Starch,0.0,g
,"Margarine, cooking",OILS AND FATS,Hard margarine,Tablespoon (15g),Starch,0.0,g
,"Margarine, non-chilled",OILS AND FATS,Soft margarine,Tablespoon (15g),Starch,0.0,g
,"Oil, MUFA, unspecified type",OILS AND FATS,Seed oils,Tablespoon (12g),Starch,0.0,g
,"Oil, PUFA, unspecified type",OILS AND FATS,Seed oils,Tablespoon (12g),Starch,0.0,g
,"Oil, SFA, unspecificed type",OILS AND FATS,Seed oils,Tablespoon (12g),Starch,0.0,g
,"Oil, blended",OILS AND FATS,Seed oils,Tablespoon (15g),Starch,0.0,g
,"Oil, canola",OILS AND FATS,Seed oils,Tablespoon (15g),Starch,0.0,g
,"Oil, chilli",OILS AND FATS,Seed oils,Tablespoon (15g),Starch,0.0,g
,"Oil, coconut",OILS AND FATS,Seed oils,Tablespoon (12g),Starch,0.0,g
,"Oil, corn",OILS AND FATS,Seed oils,Tablespoon (15g),Starch,0.0,g
,"Oil, grapeseed",OILS AND FATS,Seed oils,Tablespoon (18g),Starch,0.0,g
,"Oil, olive",OILS AND FATS,Seed oils,Tablespoon (15g),Starch,0.0,g
,"Oil, palm crude",OILS AND FATS,Seed oils,Tablespoon (15g),Starch,0.0,g
,"Oil, palm olein",OILS AND FATS,Seed oils,Tablespoon (15g),Starch,0.0,g
,"Oil, peanut",OILS AND FATS,Seed oils,Tablespoon (15g),Starch,0.0,g
,"Oil, polyunsaturated, blended",OILS AND FATS,Seed oils,Tablespoon (15g),Starch,0.0,g
,"Oil, safflower",OILS AND FATS,Seed oils,Tablespoon (15g),Starch,0.0,g
,"Oil, sesame",OILS AND FATS,Seed oils,Tablespoon (15g),Starch,0.0,g
,"Oil, soya bean",OILS AND FATS,Seed oils,Tablespoon (15g),Starch,0.0,g
,"Oil, sunflower",OILS AND FATS,Seed oils,Tablespoon (15g),Starch,0.0,g
,Salmon Oil,OILS AND FATS,"Animal fat (incl butter, ghee, lard, drippings, tallow etc)",Tablespoon (13.6g),Starch,0.0,g
,Vegetable shortening,OILS AND FATS,Soft margarine,Tablespoon (13g),Starch,0.0,g
,"Butter and canola oil spread, reduced fat (44%) and salt",OILS AND FATS,"Animal fat (incl butter, ghee, lard, drippings, tallow etc)",Teaspoon (5g),Sugar,0.01,g
,"Butter, salted",OILS AND FATS,"Animal fat (incl butter, ghee, lard, drippings, tallow etc)",Tablespoon (25g),Sugar,0.18,g
,"Butter, unsalted",OILS AND FATS,"Animal fat (incl butter, ghee, lard, drippings, tallow etc)",Teaspoon (6g),Sugar,0.04,g
,"Dripping, beef",OILS AND FATS,"Animal fat (incl butter, ghee, lard, drippings, tallow etc)",Tablespoon (15g),Sugar,0.0,g
,Ghee,OILS AND FATS,"Animal fat (incl butter, ghee, lard, drippings, tallow etc)",Tablespoon (25g),Sugar,0.0,g
,"Margarine spread, monounsaturated",OILS AND FATS,Soft margarine,Teaspoon (5g),Sugar,0.03,g
,"Margarine spread, monounsaturated, reduced fat, reduced salt",OILS AND FATS,Soft margarine,Teaspoon (5g),Sugar,0.03,g
,"Margarine spread, monounsaturated, reduced salt",OILS AND FATS,Soft margarine,Teaspoon (5g),Sugar,0.03,g
,"Margarine spread, polyunsaturated",OILS AND FATS,Soft margarine,Teaspoon (5g),Sugar,0.03,g
,"Margarine spread, polyunsaturated, reduced fat, reduced salt",OILS AND FATS,Soft margarine,Teaspoon (5g),Sugar,0.03,g
,"Margarine spread, polyunsaturated, reduced salt",OILS AND FATS,Soft margarine,Teaspoon (5g),Sugar,0.03,g
,"Margarine, cooking",OILS AND FATS,Hard margarine,Tablespoon (15g),Sugar,0.12,g
,"Margarine, non-chilled",OILS AND FATS,Soft margarine,Tablespoon (15g),Sugar,0.0,g
,"Oil, MUFA, unspecified type",OILS AND FATS,Seed oils,Tablespoon (12g),Sugar,0.0,g
,"Oil, PUFA, unspecified type",OILS AND FATS,Seed oils,Tablespoon (12g),Sugar,0.0,g
,"Oil, SFA, unspecificed type",OILS AND FATS,Seed oils,Tablespoon (12g),Sugar,0.0,g
,"Oil, blended",OILS AND FATS,Seed oils,Tablespoon (15g),Sugar,0.0,g
,"Oil, canola",OILS AND FATS,Seed oils,Tablespoon (15g),Sugar,0.0,g
,"Oil, chilli",OILS AND FATS,Seed oils,Tablespoon (15g),Sugar,0.0,g
,"Oil, coconut",OILS AND FATS,Seed oils,Tablespoon (12g),Sugar,0.0,g
,"Oil, corn",OILS AND FATS,Seed oils,Tablespoon (15g),Sugar,0.0,g
,"Oil, grapeseed",OILS AND FATS,Seed oils,Tablespoon (18g),Sugar,0.0,g
,"Oil, olive",OILS AND FATS,Seed oils,Tablespoon (15g),Sugar,0.0,g
,"Oil, palm crude",OILS AND FATS,Seed oils,Tablespoon (15g),Sugar,0.0,g
,"Oil, palm olein",OILS AND FATS,Seed oils,Tablespoon (15g),Sugar,0.0,g
,"Oil, peanut",OILS AND FATS,Seed oils,Tablespoon (15g),Sugar,0.0,g
,"Oil, polyunsaturated, blended",OILS AND FATS,Seed oils,Tablespoon (15g),Sugar,0.0,g
,"Oil, safflower",OILS AND FATS,Seed oils,Tablespoon (15g),Sugar,0.0,g
,"Oil, sesame",OILS AND FATS,Seed oils,Tablespoon (15g),Sugar,0.0,g
,"Oil, soya bean",OILS AND FATS,Seed oils,Tablespoon (15g),Sugar,0.0,g
,"Oil, sunflower",OILS AND FATS,Seed oils,Tablespoon (15g),Sugar,0.0,g
,Salmon Oil,OILS AND FATS,"Animal fat (incl butter, ghee, lard, drippings, tallow etc)",Tablespoon (13.6g),Sugar,0.0,g
,Vegetable shortening,OILS AND FATS,Soft margarine,Tablespoon (13g),Sugar,0.0,g
,"Butter and canola oil spread, reduced fat (44%) and salt",OILS AND FATS,"Animal fat (incl butter, ghee, lard, drippings, tallow etc)",Teaspoon (5g),Thiamin,0.0,mg
,"Butter, salted",OILS AND FATS,"Animal fat (incl butter, ghee, lard, drippings, tallow etc)",Tablespoon (25g),Thiamin,0.0,mg
,"Butter, unsalted",OILS AND FATS,"Animal fat (incl butter, ghee, lard, drippings, tallow etc)",Teaspoon (6g),Thiamin,0.0,mg
,"Dripping, beef",OILS AND FATS,"Animal fat (incl butter, ghee, lard, drippings, tallow etc)",Tablespoon (15g),Thiamin,0.0,mg
,Ghee,OILS AND FATS,"Animal fat (incl butter, ghee, lard, drippings, tallow etc)",Tablespoon (25g),Thiamin,0.0,mg
,"Margarine spread, monounsaturated",OILS AND FATS,Soft margarine,Teaspoon (5g),Thiamin,0.0,mg
,"Margarine spread, monounsaturated, reduced fat, reduced salt",OILS AND FATS,Soft margarine,Teaspoon (5g),Thiamin,0.0,mg
,"Margarine spread, monounsaturated, reduced salt",OILS AND FATS,Soft margarine,Teaspoon (5g),Thiamin,0.0,mg
,"Margarine spread, polyunsaturated",OILS AND FATS,Soft margarine,Teaspoon (5g),Thiamin,0.0,mg
,"Margarine spread, polyunsaturated, reduced fat, reduced salt",OILS AND FATS,Soft margarine,Teaspoon (5g),Thiamin,0.0,mg
,"Margarine spread, polyunsaturated, reduced salt",OILS AND FATS,Soft margarine,Teaspoon (5g),Thiamin,0.0,mg
,"Margarine, cooking",OILS AND FATS,Hard margarine,Tablespoon (15g),Thiamin,0.0,mg
,"Margarine, non-chilled",OILS AND FATS,Soft margarine,Tablespoon (15g),Thiamin,0.07,mg
,"Oil, MUFA, unspecified type",OILS AND FATS,Seed oils,Tablespoon (12g),Thiamin,0.0,mg
,"Oil, PUFA, unspecified type",OILS AND FATS,Seed oils,Tablespoon (12g),Thiamin,0.0,mg
,"Oil, SFA, unspecificed type",OILS AND FATS,Seed oils,Tablespoon (12g),Thiamin,0.0,mg
,"Oil, blended",OILS AND FATS,Seed oils,Tablespoon (15g),Thiamin,0.0,mg
,"Oil, canola",OILS AND FATS,Seed oils,Tablespoon (15g),Thiamin,0.0,mg
,"Oil, corn",OILS AND FATS,Seed oils,Tablespoon (15g),Thiamin,0.0,mg
,"Oil, grapeseed",OILS AND FATS,Seed oils,Tablespoon (18g),Thiamin,0.0,mg
,"Oil, olive",OILS AND FATS,Seed oils,Tablespoon (15g),Thiamin,0.0,mg
,"Oil, palm crude",OILS AND FATS,Seed oils,Tablespoon (15g),Thiamin,0.02,mg
,"Oil, palm olein",OILS AND FATS,Seed oils,Tablespoon (15g),Thiamin,0.0,mg
,"Oil, peanut",OILS AND FATS,Seed oils,Tablespoon (15g),Thiamin,0.0,mg
,"Oil, polyunsaturated, blended",OILS AND FATS,Seed oils,Tablespoon (15g),Thiamin,0.0,mg
,"Oil, safflower",OILS AND FATS,Seed oils,Tablespoon (15g),Thiamin,0.0,mg
,"Oil, sesame",OILS AND FATS,Seed oils,Tablespoon (15g),Thiamin,0.01,mg
,"Oil, soya bean",OILS AND FATS,Seed oils,Tablespoon (15g),Thiamin,0.0,mg
,"Oil, sunflower",OILS AND FATS,Seed oils,Tablespoon (15g),Thiamin,0.0,mg
,Salmon Oil,OILS AND FATS,"Animal fat (incl butter, ghee, lard, drippings, tallow etc)",Tablespoon (13.6g),Thiamin,0.0,mg
,Vanaspati,OILS AND FATS,Hard margarine,Tablespoon (13g),Thiamin,0.0,mg
,Vegetable shortening,OILS AND FATS,Soft margarine,Tablespoon (13g),Thiamin,0.0,mg
,"Butter and canola oil spread, reduced fat (44%) and salt",OILS AND FATS,"Animal fat (incl butter, ghee, lard, drippings, tallow etc)",Teaspoon (5g),Total fat,2.22,g
,"Butter, salted",OILS AND FATS,"Animal fat (incl butter, ghee, lard, drippings, tallow etc)",Tablespoon (25g),Total fat,20.2,g
,"Butter, unsalted",OILS AND FATS,"Animal fat (incl butter, ghee, lard, drippings, tallow etc)",Teaspoon (6g),Total fat,4.99,g
,"Dripping, beef",OILS AND FATS,"Animal fat (incl butter, ghee, lard, drippings, tallow etc)",Tablespoon (15g),Total fat,15.0,g
,Ghee,OILS AND FATS,"Animal fat (incl butter, ghee, lard, drippings, tallow etc)",Tablespoon (25g),Total fat,24.98,g
,"Margarine spread, monounsaturated",OILS AND FATS,Soft margarine,Teaspoon (5g),Total fat,3.48,g
,"Margarine spread, monounsaturated, reduced fat, reduced salt",OILS AND FATS,Soft margarine,Teaspoon (5g),Total fat,2.82,g
,"Margarine spread, monounsaturated, reduced salt",OILS AND FATS,Soft margarine,Teaspoon (5g),Total fat,3.48,g
,"Margarine spread, polyunsaturated",OILS AND FATS,Soft margarine,Teaspoon (5g),Total fat,3.48,g
,"Margarine spread, polyunsaturated, reduced fat, reduced salt",OILS AND FATS,Soft margarine,Teaspoon (5g),Total fat,3.0,g
,"Margarine spread, polyunsaturated, reduced salt",OILS AND FATS,Soft margarine,Teaspoon (5g),Total fat,3.48,g
,"Margarine, cooking",OILS AND FATS,Hard margarine,Tablespoon (15g),Total fat,12.0,g
,"Margarine, non-chilled",OILS AND FATS,Soft margarine,Tablespoon (15g),Total fat,12.68,g
,"Oil, MUFA, unspecified type",OILS AND FATS,Seed oils,Tablespoon (12g),Total fat,12.0,g
,"Oil, PUFA, unspecified type",OILS AND FATS,Seed oils,Tablespoon (12g),Total fat,12.0,g
,"Oil, SFA, unspecificed type",OILS AND FATS,Seed oils,Tablespoon (12g),Total fat,11.92,g
,"Oil, blended",OILS AND FATS,Seed oils,Tablespoon (15g),Total fat,15.0,g
,"Oil, canola",OILS AND FATS,Seed oils,Tablespoon (15g),Total fat,15.0,g
,"Oil, chilli",OILS AND FATS,Seed oils,Tablespoon (15g),Total fat,15.0,g
,"Oil, coconut",OILS AND FATS,Seed oils,Tablespoon (12g),Total fat,11.89,g
,"Oil, corn",OILS AND FATS,Seed oils,Tablespoon (15g),Total fat,15.0,g
,"Oil, grapeseed",OILS AND FATS,Seed oils,Tablespoon (18g),Total fat,18.0,g
,"Oil, olive",OILS AND FATS,Seed oils,Tablespoon (15g),Total fat,15.0,g
,"Oil, palm crude",OILS AND FATS,Seed oils,Tablespoon (15g),Total fat,15.0,g
,"Oil, palm olein",OILS AND FATS,Seed oils,Tablespoon (15g),Total fat,15.0,g
,"Oil, peanut",OILS AND FATS,Seed oils,Tablespoon (15g),Total fat,15.0,g
,"Oil, polyunsaturated, blended",OILS AND FATS,Seed oils,Tablespoon (15g),Total fat,15.0,g
,"Oil, safflower",OILS AND FATS,Seed oils,Tablespoon (15g),Total fat,15.0,g
,"Oil, sesame",OILS AND FATS,Seed oils,Tablespoon (15g),Total fat,15.0,g
,"Oil, soya bean",OILS AND FATS,Seed oils,Tablespoon (15g),Total fat,15.0,g
,"Oil, sunflower",OILS AND FATS,Seed oils,Tablespoon (15g),Total fat,15.0,g
,Salmon Oil,OILS AND FATS,"Animal fat (incl butter, ghee, lard, drippings, tallow etc)",Tablespoon (13.6g),Total fat,13.6,g
,Vanaspati,OILS AND FATS,Hard margarine,Tablespoon (13g),Total fat,13.0,g
,Vegetable shortening,OILS AND FATS,Soft margarine,Tablespoon (13g),Total fat,13.0,g
,"Butter, salted",OILS AND FATS,"Animal fat (incl butter, ghee, lard, drippings, tallow etc)",Tablespoon (25g),Trans Fat,0.68,mg
,"Butter, unsalted",OILS AND FATS,"Animal fat (incl butter, ghee, lard, drippings, tallow etc)",Teaspoon (6g),Trans Fat,0.17,mg
,Ghee,OILS AND FATS,"Animal fat (incl butter, ghee, lard, drippings, tallow etc)",Tablespoon (25g),Trans Fat,0.42,mg
,"Margarine spread, monounsaturated",OILS AND FATS,Soft margarine,Teaspoon (5g),Trans Fat,0.03,mg
,"Margarine spread, monounsaturated, reduced fat, reduced salt",OILS AND FATS,Soft margarine,Teaspoon (5g),Trans Fat,0.04,mg
,"Margarine spread, monounsaturated, reduced salt",OILS AND FATS,Soft margarine,Teaspoon (5g),Trans Fat,0.03,mg
,"Margarine spread, polyunsaturated",OILS AND FATS,Soft margarine,Teaspoon (5g),Trans Fat,0.01,mg
,"Margarine spread, polyunsaturated, reduced fat, reduced salt",OILS AND FATS,Soft margarine,Teaspoon (5g),Trans Fat,0.0,mg
,"Margarine spread, polyunsaturated, reduced salt",OILS AND FATS,Soft margarine,Teaspoon (5g),Trans Fat,0.01,mg
,"Margarine, cooking",OILS AND FATS,Hard margarine,Tablespoon (15g),Trans Fat,0.03,mg
,"Margarine, non-chilled",OILS AND FATS,Soft margarine,Tablespoon (15g),Trans Fat,0.03,mg
,"Oil, MUFA, unspecified type",OILS AND FATS,Seed oils,Tablespoon (12g),Trans Fat,0.0,mg
,"Oil, blended",OILS AND FATS,Seed oils,Tablespoon (15g),Trans Fat,0.05,mg
,"Oil, canola",OILS AND FATS,Seed oils,Tablespoon (15g),Trans Fat,0.03,mg
,"Oil, coconut",OILS AND FATS,Seed oils,Tablespoon (12g),Trans Fat,0.0,g
,"Oil, corn",OILS AND FATS,Seed oils,Tablespoon (15g),Trans Fat,0.17,mg
,"Oil, grapeseed",OILS AND FATS,Seed oils,Tablespoon (18g),Trans Fat,0.24,mg
,"Oil, olive",OILS AND FATS,Seed oils,Tablespoon (15g),Trans Fat,0.0,mg
,"Oil, palm olein",OILS AND FATS,Seed oils,Tablespoon (15g),Trans Fat,0.04,mg
,"Oil, peanut",OILS AND FATS,Seed oils,Tablespoon (15g),Trans Fat,0.0,mg
,"Oil, polyunsaturated, blended",OILS AND FATS,Seed oils,Tablespoon (15g),Trans Fat,0.0,mg
,"Oil, safflower",OILS AND FATS,Seed oils,Tablespoon (15g),Trans Fat,0.0,mg
,"Oil, sesame",OILS AND FATS,Seed oils,Tablespoon (15g),Trans Fat,0.0,mg
,"Oil, soya bean",OILS AND FATS,Seed oils,Tablespoon (15g),Trans Fat,0.07,mg
,"Oil, sunflower",OILS AND FATS,Seed oils,Tablespoon (15g),Trans Fat,0.2,mg
,"Butter and canola oil spread, reduced fat (44%) and salt",OILS AND FATS,"Animal fat (incl butter, ghee, lard, drippings, tallow etc)",Teaspoon (5g),Vitamin A,54.6,mcg
,"Butter, salted",OILS AND FATS,"Animal fat (incl butter, ghee, lard, drippings, tallow etc)",Tablespoon (25g),Vitamin A,252.0,mcg
,"Butter, unsalted",OILS AND FATS,"Animal fat (incl butter, ghee, lard, drippings, tallow etc)",Teaspoon (6g),Vitamin A,69.42,mcg
,"Dripping, beef",OILS AND FATS,"Animal fat (incl butter, ghee, lard, drippings, tallow etc)",Tablespoon (15g),Vitamin A,0.6,mcg
,Ghee,OILS AND FATS,"Animal fat (incl butter, ghee, lard, drippings, tallow etc)",Tablespoon (25g),Vitamin A,235.0,mcg
,"Margarine spread, monounsaturated",OILS AND FATS,Soft margarine,Teaspoon (5g),Vitamin A,55.4,mcg
,"Margarine spread, monounsaturated, reduced fat, reduced salt",OILS AND FATS,Soft margarine,Teaspoon (5g),Vitamin A,55.2,mcg
,"Margarine spread, monounsaturated, reduced salt",OILS AND FATS,Soft margarine,Teaspoon (5g),Vitamin A,55.4,mcg
,"Margarine spread, polyunsaturated",OILS AND FATS,Soft margarine,Teaspoon (5g),Vitamin A,55.4,mcg
,"Margarine spread, polyunsaturated, reduced fat, reduced salt",OILS AND FATS,Soft margarine,Teaspoon (5g),Vitamin A,55.2,mcg
,"Margarine spread, polyunsaturated, reduced salt",OILS AND FATS,Soft margarine,Teaspoon (5g),Vitamin A,55.4,mcg
,"Margarine, cooking",OILS AND FATS,Hard margarine,Tablespoon (15g),Vitamin A,131.25,mcg
,"Margarine, non-chilled",OILS AND FATS,Soft margarine,Tablespoon (15g),Vitamin A,57.75,mcg
,"Oil, MUFA, unspecified type",OILS AND FATS,Seed oils,Tablespoon (12g),Vitamin A,0.0,mcg
,"Oil, PUFA, unspecified type",OILS AND FATS,Seed oils,Tablespoon (12g),Vitamin A,0.0,mcg
,"Oil, SFA, unspecificed type",OILS AND FATS,Seed oils,Tablespoon (12g),Vitamin A,44.82,mcg
,"Oil, blended",OILS AND FATS,Seed oils,Tablespoon (15g),Vitamin A,0.0,mcg
,"Oil, canola",OILS AND FATS,Seed oils,Tablespoon (15g),Vitamin A,0.0,mcg
,"Oil, coconut",OILS AND FATS,Seed oils,Tablespoon (12g),Vitamin A,0.0,mcg
,"Oil, corn",OILS AND FATS,Seed oils,Tablespoon (15g),Vitamin A,0.0,mcg
,"Oil, grapeseed",OILS AND FATS,Seed oils,Tablespoon (18g),Vitamin A,0.0,mcg
,"Oil, olive",OILS AND FATS,Seed oils,Tablespoon (15g),Vitamin A,0.3,mcg
,"Oil, palm crude",OILS AND FATS,Seed oils,Tablespoon (15g),Vitamin A,1428.0,mcg
,"Oil, palm olein",OILS AND FATS,Seed oils,Tablespoon (15g),Vitamin A,0.0,mcg
,"Oil, peanut",OILS AND FATS,Seed oils,Tablespoon (15g),Vitamin A,0.0,mcg
,"Oil, polyunsaturated, blended",OILS AND FATS,Seed oils,Tablespoon (15g),Vitamin A,0.0,mcg
,"Oil, safflower",OILS AND FATS,Seed oils,Tablespoon (15g),Vitamin A,0.0,mcg
,"Oil, sesame",OILS AND FATS,Seed oils,Tablespoon (15g),Vitamin A,0.0,mcg
,"Oil, soya bean",OILS AND FATS,Seed oils,Tablespoon (15g),Vitamin A,0.0,mcg
,"Oil, sunflower",OILS AND FATS,Seed oils,Tablespoon (15g),Vitamin A,0.0,mcg
,Salmon Oil,OILS AND FATS,"Animal fat (incl butter, ghee, lard, drippings, tallow etc)",Tablespoon (13.6g),Vitamin A,0.0,mcg
,Vanaspati,OILS AND FATS,Hard margarine,Tablespoon (13g),Vitamin A,33.8,mcg
,Vegetable shortening,OILS AND FATS,Soft margarine,Tablespoon (13g),Vitamin A,0.0,mcg
,"Butter and canola oil spread, reduced fat (44%) and salt",OILS AND FATS,"Animal fat (incl butter, ghee, lard, drippings, tallow etc)",Teaspoon (5g),Vitamin C,0.0,mg
,"Butter, salted",OILS AND FATS,"Animal fat (incl butter, ghee, lard, drippings, tallow etc)",Tablespoon (25g),Vitamin C,0.0,mg
,"Butter, unsalted",OILS AND FATS,"Animal fat (incl butter, ghee, lard, drippings, tallow etc)",Teaspoon (6g),Vitamin C,0.0,mg
,"Dripping, beef",OILS AND FATS,"Animal fat (incl butter, ghee, lard, drippings, tallow etc)",Tablespoon (15g),Vitamin C,0.0,mg
,Ghee,OILS AND FATS,"Animal fat (incl butter, ghee, lard, drippings, tallow etc)",Tablespoon (25g),Vitamin C,0.0,mg
,"Margarine spread, monounsaturated",OILS AND FATS,Soft margarine,Teaspoon (5g),Vitamin C,0.0,mg
,"Margarine spread, monounsaturated, reduced fat, reduced salt",OILS AND FATS,Soft margarine,Teaspoon (5g),Vitamin C,0.0,mg
,"Margarine spread, monounsaturated, reduced salt",OILS AND FATS,Soft margarine,Teaspoon (5g),Vitamin C,0.0,mg
,"Margarine spread, polyunsaturated",OILS AND FATS,Soft margarine,Teaspoon (5g),Vitamin C,0.0,mg
,"Margarine spread, polyunsaturated, reduced fat, reduced salt",OILS AND FATS,Soft margarine,Teaspoon (5g),Vitamin C,0.0,mg
,"Margarine spread, polyunsaturated, reduced salt",OILS AND FATS,Soft margarine,Teaspoon (5g),Vitamin C,0.0,mg
,"Margarine, cooking",OILS AND FATS,Hard margarine,Tablespoon (15g),Vitamin C,0.0,mg
,"Margarine, non-chilled",OILS AND FATS,Soft margarine,Tablespoon (15g),Vitamin C,0.0,mg
,"Oil, MUFA, unspecified type",OILS AND FATS,Seed oils,Tablespoon (12g),Vitamin C,0.0,mg
,"Oil, PUFA, unspecified type",OILS AND FATS,Seed oils,Tablespoon (12g),Vitamin C,0.0,mg
,"Oil, SFA, unspecificed type",OILS AND FATS,Seed oils,Tablespoon (12g),Vitamin C,0.0,mg
,"Oil, blended",OILS AND FATS,Seed oils,Tablespoon (15g),Vitamin C,0.0,mg
,"Oil, canola",OILS AND FATS,Seed oils,Tablespoon (15g),Vitamin C,0.0,mg
,"Oil, coconut",OILS AND FATS,Seed oils,Tablespoon (12g),Vitamin C,0.0,mg
,"Oil, corn",OILS AND FATS,Seed oils,Tablespoon (15g),Vitamin C,0.0,mg
,"Oil, grapeseed",OILS AND FATS,Seed oils,Tablespoon (18g),Vitamin C,0.0,mg
,"Oil, olive",OILS AND FATS,Seed oils,Tablespoon (15g),Vitamin C,0.0,mg
,"Oil, palm crude",OILS AND FATS,Seed oils,Tablespoon (15g),Vitamin C,0.0,mg
,"Oil, palm olein",OILS AND FATS,Seed oils,Tablespoon (15g),Vitamin C,0.0,mg
,"Oil, peanut",OILS AND FATS,Seed oils,Tablespoon (15g),Vitamin C,0.0,mg
,"Oil, polyunsaturated, blended",OILS AND FATS,Seed oils,Tablespoon (15g),Vitamin C,0.0,mg
,"Oil, safflower",OILS AND FATS,Seed oils,Tablespoon (15g),Vitamin C,0.0,mg
,"Oil, sesame",OILS AND FATS,Seed oils,Tablespoon (15g),Vitamin C,0.0,mg
,"Oil, soya bean",OILS AND FATS,Seed oils,Tablespoon (15g),Vitamin C,0.0,mg
,"Oil, sunflower",OILS AND FATS,Seed oils,Tablespoon (15g),Vitamin C,0.0,mg
,Salmon Oil,OILS AND FATS,"Animal fat (incl butter, ghee, lard, drippings, tallow etc)",Tablespoon (13.6g),Vitamin C,0.0,mg
,Vanaspati,OILS AND FATS,Hard margarine,Tablespoon (13g),Vitamin C,0.0,mg
,Vegetable shortening,OILS AND FATS,Soft margarine,Tablespoon (13g),Vitamin C,0.0,mg
,"Butter and canola oil spread, reduced fat (44%) and salt",OILS AND FATS,"Animal fat (incl butter, ghee, lard, drippings, tallow etc)",Teaspoon (5g),Vitamin D,20.0,IU
,"Butter, salted",OILS AND FATS,"Animal fat (incl butter, ghee, lard, drippings, tallow etc)",Tablespoon (25g),Vitamin D,15.0,IU
,"Butter, unsalted",OILS AND FATS,"Animal fat (incl butter, ghee, lard, drippings, tallow etc)",Teaspoon (6g),Vitamin D,1.68,IU
,Ghee,OILS AND FATS,"Animal fat (incl butter, ghee, lard, drippings, tallow etc)",Tablespoon (25g),Vitamin D,0.0,IU
,"Margarine spread, monounsaturated",OILS AND FATS,Soft margarine,Teaspoon (5g),Vitamin D,17.35,IU
,"Margarine spread, monounsaturated, reduced fat, reduced salt",OILS AND FATS,Soft margarine,Teaspoon (5g),Vitamin D,17.35,IU
,"Margarine spread, monounsaturated, reduced salt",OILS AND FATS,Soft margarine,Teaspoon (5g),Vitamin D,17.35,IU
,"Margarine spread, polyunsaturated",OILS AND FATS,Soft margarine,Teaspoon (5g),Vitamin D,17.35,IU
,"Margarine spread, polyunsaturated, reduced fat, reduced salt",OILS AND FATS,Soft margarine,Teaspoon (5g),Vitamin D,17.35,IU
,"Margarine spread, polyunsaturated, reduced salt",OILS AND FATS,Soft margarine,Teaspoon (5g),Vitamin D,17.35,IU
,"Margarine, cooking",OILS AND FATS,Hard margarine,Tablespoon (15g),Vitamin D,0.0,IU
,"Margarine, non-chilled",OILS AND FATS,Soft margarine,Tablespoon (15g),Vitamin D,37.5,IU
,"Oil, MUFA, unspecified type",OILS AND FATS,Seed oils,Tablespoon (12g),Vitamin D,0.0,IU
,"Oil, canola",OILS AND FATS,Seed oils,Tablespoon (15g),Vitamin D,0.0,IU
,"Oil, corn",OILS AND FATS,Seed oils,Tablespoon (15g),Vitamin D,0.0,IU
,"Oil, grapeseed",OILS AND FATS,Seed oils,Tablespoon (18g),Vitamin D,0.0,IU
,"Oil, olive",OILS AND FATS,Seed oils,Tablespoon (15g),Vitamin D,0.0,IU
,"Oil, palm olein",OILS AND FATS,Seed oils,Tablespoon (15g),Vitamin D,0.0,IU
,"Oil, peanut",OILS AND FATS,Seed oils,Tablespoon (15g),Vitamin D,0.0,IU
,"Oil, polyunsaturated, blended",OILS AND FATS,Seed oils,Tablespoon (15g),Vitamin D,0.0,IU
,"Oil, safflower",OILS AND FATS,Seed oils,Tablespoon (15g),Vitamin D,0.0,IU
,"Oil, sesame",OILS AND FATS,Seed oils,Tablespoon (15g),Vitamin D,0.0,IU
,"Oil, soya bean",OILS AND FATS,Seed oils,Tablespoon (15g),Vitamin D,0.0,IU
,"Oil, sunflower",OILS AND FATS,Seed oils,Tablespoon (15g),Vitamin D,0.0,IU
,"Butter and canola oil spread, reduced fat (44%) and salt",OILS AND FATS,"Animal fat (incl butter, ghee, lard, drippings, tallow etc)",Teaspoon (5g),Water,2.53,g
,"Butter, salted",OILS AND FATS,"Animal fat (incl butter, ghee, lard, drippings, tallow etc)",Tablespoon (25g),Water,3.8,g
,"Butter, unsalted",OILS AND FATS,"Animal fat (incl butter, ghee, lard, drippings, tallow etc)",Teaspoon (6g),Water,0.9,g
,"Dripping, beef",OILS AND FATS,"Animal fat (incl butter, ghee, lard, drippings, tallow etc)",Tablespoon (15g),Water,0.0,g
,Ghee,OILS AND FATS,"Animal fat (incl butter, ghee, lard, drippings, tallow etc)",Tablespoon (25g),Water,0.0,g
,"Margarine spread, monounsaturated",OILS AND FATS,Soft margarine,Teaspoon (5g),Water,1.38,g
,"Margarine spread, monounsaturated, reduced fat, reduced salt",OILS AND FATS,Soft margarine,Teaspoon (5g),Water,2.09,g
,"Margarine spread, monounsaturated, reduced salt",OILS AND FATS,Soft margarine,Teaspoon (5g),Water,1.42,g
,"Margarine spread, polyunsaturated",OILS AND FATS,Soft margarine,Teaspoon (5g),Water,1.38,g
,"Margarine spread, polyunsaturated, reduced fat, reduced salt",OILS AND FATS,Soft margarine,Teaspoon (5g),Water,1.91,g
,"Margarine spread, polyunsaturated, reduced salt",OILS AND FATS,Soft margarine,Teaspoon (5g),Water,1.42,g
,"Margarine, cooking",OILS AND FATS,Hard margarine,Tablespoon (15g),Water,2.3,g
,"Margarine, non-chilled",OILS AND FATS,Soft margarine,Tablespoon (15g),Water,2.27,g
,"Oil, MUFA, unspecified type",OILS AND FATS,Seed oils,Tablespoon (12g),Water,0.0,g
,"Oil, PUFA, unspecified type",OILS AND FATS,Seed oils,Tablespoon (12g),Water,0.0,g
,"Oil, blended",OILS AND FATS,Seed oils,Tablespoon (15g),Water,0.0,g
,"Oil, canola",OILS AND FATS,Seed oils,Tablespoon (15g),Water,0.0,g
,"Oil, chilli",OILS AND FATS,Seed oils,Tablespoon (15g),Water,0.0,g
,"Oil, coconut",OILS AND FATS,Seed oils,Tablespoon (12g),Water,0.0,g
,"Oil, corn",OILS AND FATS,Seed oils,Tablespoon (15g),Water,0.0,g
,"Oil, grapeseed",OILS AND FATS,Seed oils,Tablespoon (18g),Water,0.0,g
,"Oil, olive",OILS AND FATS,Seed oils,Tablespoon (15g),Water,0.0,g
,"Oil, palm crude",OILS AND FATS,Seed oils,Tablespoon (15g),Water,0.0,g
,"Oil, palm olein",OILS AND FATS,Seed oils,Tablespoon (15g),Water,0.0,g
,"Oil, peanut",OILS AND FATS,Seed oils,Tablespoon (15g),Water,0.0,g
,"Oil, polyunsaturated, blended",OILS AND FATS,Seed oils,Tablespoon (15g),Water,0.0,g
,"Oil, safflower",OILS AND FATS,Seed oils,Tablespoon (15g),Water,0.0,g
,"Oil, sesame",OILS AND FATS,Seed oils,Tablespoon (15g),Water,0.0,g
,"Oil, soya bean",OILS AND FATS,Seed oils,Tablespoon (15g),Water,0.0,g
,"Oil, sunflower",OILS AND FATS,Seed oils,Tablespoon (15g),Water,0.0,g
,Salmon Oil,OILS AND FATS,"Animal fat (incl butter, ghee, lard, drippings, tallow etc)",Tablespoon (13.6g),Water,0.0,g
,Vanaspati,OILS AND FATS,Hard margarine,Tablespoon (13g),Water,0.0,g
,Vegetable shortening,OILS AND FATS,Soft margarine,Tablespoon (13g),Water,0.0,g
,"Butter and canola oil spread, reduced fat (44%) and salt",OILS AND FATS,"Animal fat (incl butter, ghee, lard, drippings, tallow etc)",Teaspoon (5g),Zinc,0.01,mg
,"Butter, salted",OILS AND FATS,"Animal fat (incl butter, ghee, lard, drippings, tallow etc)",Tablespoon (25g),Zinc,0.03,mg
,"Butter, unsalted",OILS AND FATS,"Animal fat (incl butter, ghee, lard, drippings, tallow etc)",Teaspoon (6g),Zinc,0.01,mg
,"Dripping, beef",OILS AND FATS,"Animal fat (incl butter, ghee, lard, drippings, tallow etc)",Tablespoon (15g),Zinc,0.0,mg
,Ghee,OILS AND FATS,"Animal fat (incl butter, ghee, lard, drippings, tallow etc)",Tablespoon (25g),Zinc,0.0,mg
,"Margarine spread, monounsaturated",OILS AND FATS,Soft margarine,Teaspoon (5g),Zinc,0.0,mg
,"Margarine spread, monounsaturated, reduced fat, reduced salt",OILS AND FATS,Soft margarine,Teaspoon (5g),Zinc,0.0,mg
,"Margarine spread, monounsaturated, reduced salt",OILS AND FATS,Soft margarine,Teaspoon (5g),Zinc,0.0,mg
,"Margarine spread, polyunsaturated",OILS AND FATS,Soft margarine,Teaspoon (5g),Zinc,0.0,mg
,"Margarine spread, polyunsaturated, reduced fat, reduced salt",OILS AND FATS,Soft margarine,Teaspoon (5g),Zinc,0.0,mg
,"Margarine spread, polyunsaturated, reduced salt",OILS AND FATS,Soft margarine,Teaspoon (5g),Zinc,0.0,mg
,"Margarine, cooking",OILS AND FATS,Hard margarine,Tablespoon (15g),Zinc,0.0,mg
,"Margarine, non-chilled",OILS AND FATS,Soft margarine,Tablespoon (15g),Zinc,0.0,mg
,"Oil, MUFA, unspecified type",OILS AND FATS,Seed oils,Tablespoon (12g),Zinc,0.0,mg
,"Oil, PUFA, unspecified type",OILS AND FATS,Seed oils,Tablespoon (12g),Zinc,0.0,mg
,"Oil, SFA, unspecificed type",OILS AND FATS,Seed oils,Tablespoon (12g),Zinc,0.0,mg
,"Oil, canola",OILS AND FATS,Seed oils,Tablespoon (15g),Zinc,0.0,mg
,"Oil, chilli",OILS AND FATS,Seed oils,Tablespoon (15g),Zinc,0.0,mg
,"Oil, corn",OILS AND FATS,Seed oils,Tablespoon (15g),Zinc,0.0,mg
,"Oil, grapeseed",OILS AND FATS,Seed oils,Tablespoon (18g),Zinc,0.0,mg
,"Oil, olive",OILS AND FATS,Seed oils,Tablespoon (15g),Zinc,0.0,mg
,"Oil, palm olein",OILS AND FATS,Seed oils,Tablespoon (15g),Zinc,0.0,mg
,"Oil, peanut",OILS AND FATS,Seed oils,Tablespoon (15g),Zinc,0.02,mg
,"Oil, polyunsaturated, blended",OILS AND FATS,Seed oils,Tablespoon (15g),Zinc,0.0,mg
,"Oil, safflower",OILS AND FATS,Seed oils,Tablespoon (15g),Zinc,0.0,mg
,"Oil, sesame",OILS AND FATS,Seed oils,Tablespoon (15g),Zinc,0.0,mg
,"Oil, soya bean",OILS AND FATS,Seed oils,Tablespoon (15g),Zinc,0.0,mg
,"Oil, sunflower",OILS AND FATS,Seed oils,Tablespoon (15g),Zinc,0.0,mg
,Salmon Oil,OILS AND FATS,"Animal fat (incl butter, ghee, lard, drippings, tallow etc)",Tablespoon (13.6g),Zinc,0.0,mg
,Vegetable shortening,OILS AND FATS,Soft margarine,Tablespoon (13g),Zinc,0.0,mg
